Entry	Length	Status	Alternative products (isoforms)	Alternative sequence	yourlist:M201908166746803381A1F0E0DB47453E0216320D8FEC6C0	isomap:M201908166746803381A1F0E0DB47453E0216320D8FEC6C0
Q9Y6C9	303	reviewed			Q9Y6C9	
Q07444	240	reviewed	ALTERNATIVE PRODUCTS:  Event=Alternative splicing; Named isoforms=2;  Name=NKG2-E; IsoId=Q07444-1; Sequence=Displayed; Name=NKG2-H; IsoId=Q07444-2; Sequence=VSP_003067; 	VAR_SEQ 227 240 RRGFIMLTRLVLNS -> VSISFRIKALELAVHQIKFYICSNRNDIMIA (in isoform NKG2-H). {ECO:0000303|PubMed:10201920}. /FTId=VSP_003067.	Q07444-1,Q07444-2	Q07444-1 -> Q07444-1,Q07444-2 -> Q07444-2
Q8TE77	659	reviewed	ALTERNATIVE PRODUCTS:  Event=Alternative splicing; Named isoforms=5;  Name=1; Synonyms=L; IsoId=Q8TE77-1; Sequence=Displayed; Name=2; IsoId=Q8TE77-2; Sequence=VSP_016335, VSP_016336; Name=3; IsoId=Q8TE77-3; Sequence=VSP_016331, VSP_016332; Name=4; IsoId=Q8TE77-4; Sequence=VSP_016333; Note=No experimental confirmation available.; Name=5; IsoId=Q8TE77-5; Sequence=VSP_016330, VSP_016334, VSP_016335, VSP_016336; Note=No experimental confirmation available.; 	VAR_SEQ 1 330 Missing (in isoform 5). {ECO:0000303|PubMed:14702039}. /FTId=VSP_016330.; VAR_SEQ 1 146 Missing (in isoform 3). {ECO:0000303|PubMed:14702039}. /FTId=VSP_016331.; VAR_SEQ 147 154 LGVDFPDS -> MAFPLSPA (in isoform 3). {ECO:0000303|PubMed:14702039}. /FTId=VSP_016332.; VAR_SEQ 283 547 Missing (in isoform 4). {ECO:0000303|PubMed:14702039}. /FTId=VSP_016333.; VAR_SEQ 331 360 RIFPHLYLGSEWNAANLEELQRNRVTHILN -> MEGTMMMQQRPVLSQQHPSFILNSSPAHSP (in isoform 5). {ECO:0000303|PubMed:14702039}. /FTId=VSP_016334.; VAR_SEQ 470 471 SR -> RT (in isoform 2 and isoform 5). {ECO:0000303|PubMed:11832213, ECO:0000303|PubMed:14702039}. /FTId=VSP_016335.; VAR_SEQ 472 659 Missing (in isoform 2 and isoform 5). {ECO:0000303|PubMed:11832213, ECO:0000303|PubMed:14702039}. /FTId=VSP_016336.	Q8TE77-3,Q8TE77-1	Q8TE77-1 -> Q8TE77-1,Q8TE77-3 -> Q8TE77-3
Q5MIZ7	849	reviewed	ALTERNATIVE PRODUCTS:  Event=Alternative splicing; Named isoforms=5;  Name=1; IsoId=Q5MIZ7-1; Sequence=Displayed; Name=2; IsoId=Q5MIZ7-2; Sequence=VSP_021261; Name=3; IsoId=Q5MIZ7-3; Sequence=VSP_021261, VSP_021262; Note=No experimental confirmation available.; Name=4; IsoId=Q5MIZ7-4; Sequence=VSP_021259, VSP_021260; Note=May be due to intron retention. No experimental confirmation available.; Name=5; IsoId=Q5MIZ7-5; Sequence=VSP_021258, VSP_021263; Note=No experimental confirmation available.; 	VAR_SEQ 1 566 Missing (in isoform 5). {ECO:0000303|PubMed:14702039}. /FTId=VSP_021258.; VAR_SEQ 49 55 SLLLESK -> KVIGTVE (in isoform 4). {ECO:0000303|PubMed:15489334}. /FTId=VSP_021259.; VAR_SEQ 56 849 Missing (in isoform 4). {ECO:0000303|PubMed:15489334}. /FTId=VSP_021260.; VAR_SEQ 491 522 Missing (in isoform 2 and isoform 3). {ECO:0000303|PubMed:15489334, ECO:0000303|PubMed:15616564}. /FTId=VSP_021261.; VAR_SEQ 536 589 DNYQTAQLLALILELLTFCVEHHTYHIKNYIMNKDLLRRVLVLMNSKHTFLALC -> G (in isoform 3). {ECO:0000303|PubMed:15489334}. /FTId=VSP_021262.; VAR_SEQ 693 699 Missing (in isoform 5). {ECO:0000303|PubMed:14702039}. /FTId=VSP_021263.	Q5MIZ7	
Q9UBU7	674	reviewed	ALTERNATIVE PRODUCTS:  Event=Alternative splicing; Named isoforms=2;  Name=1; IsoId=Q9UBU7-1; Sequence=Displayed; Name=2; IsoId=Q9UBU7-2; Sequence=VSP_018203, VSP_018204; 	VAR_SEQ 228 234 LYRPFYL -> SPAVHLM (in isoform 2). {ECO:0000303|PubMed:10373557}. /FTId=VSP_018203.; VAR_SEQ 235 674 Missing (in isoform 2). {ECO:0000303|PubMed:10373557}. /FTId=VSP_018204.	Q9UBU7-1	Q9UBU7-1 -> Q9UBU7-1
Q13228	472	reviewed	ALTERNATIVE PRODUCTS:  Event=Alternative splicing; Named isoforms=4;  Name=1; IsoId=Q13228-1; Sequence=Displayed; Name=2; IsoId=Q13228-2; Sequence=VSP_038440; Name=3; IsoId=Q13228-3; Sequence=VSP_045425; Name=4; IsoId=Q13228-4; Sequence=VSP_055126; 	VAR_SEQ 1 64 Missing (in isoform 2). {ECO:0000303|PubMed:15489334}. /FTId=VSP_038440.; VAR_SEQ 1 1 M -> MRLEWGPRPAALPWPAGMCAAERAEGAFTLQSVAQPMRPIAST (in isoform 4). {ECO:0000303|PubMed:14702039}. /FTId=VSP_055126.; VAR_SEQ 59 120 Missing (in isoform 3). {ECO:0000303|PubMed:14702039}. /FTId=VSP_045425.	Q13228-1,Q13228-3,Q13228-4	Q13228-4 -> Q13228-4,Q13228-3 -> Q13228-3,Q13228-1 -> Q13228-1
P23919	212	reviewed	ALTERNATIVE PRODUCTS:  Event=Alternative splicing; Named isoforms=2;  Name=1; IsoId=P23919-1; Sequence=Displayed; Name=2; IsoId=P23919-2; Sequence=VSP_054164; Note=No experimental confirmation available.; 	VAR_SEQ 111 134 Missing (in isoform 2). {ECO:0000303|PubMed:15489334}. /FTId=VSP_054164.	P23919	
Q8NHX4	192	reviewed			Q8NHX4	
Q8NHX9	752	reviewed			Q8NHX9	
Q9BZW8	370	reviewed	ALTERNATIVE PRODUCTS:  Event=Alternative splicing; Named isoforms=4;  Name=1; Synonyms=H2B4-B; IsoId=Q9BZW8-1; Sequence=Displayed; Name=2; Synonyms=H2B4-A; IsoId=Q9BZW8-2; Sequence=VSP_010397; Note=Binds to CD48 with a sronger affinity than isoform 1, and interactions induces greater cytotoxicity and intracellular calcium release.; Name=3; Synonyms=H2B4; IsoId=Q9BZW8-3; Sequence=VSP_010397, VSP_010399, VSP_010400; Note=No experimental confirmation available.; Name=4; Synonyms=H2B4b; IsoId=Q9BZW8-4; Sequence=VSP_010398; Note=No experimental confirmation available.; 	VAR_SEQ 127 131 Missing (in isoform 2 and isoform 3). {ECO:0000303|PubMed:10358138, ECO:0000303|PubMed:10359122, ECO:0000303|PubMed:10458320, ECO:0000303|PubMed:10556801, ECO:0000303|PubMed:10934222, ECO:0000303|PubMed:15489334, ECO:0000303|Ref.7}. /FTId=VSP_010397.; VAR_SEQ 128 224 Missing (in isoform 4). {ECO:0000303|PubMed:10934222}. /FTId=VSP_010398.; VAR_SEQ 326 334 SGSRKRNHS -> GDRFYSFSG (in isoform 3). {ECO:0000303|PubMed:10934222}. /FTId=VSP_010399.; VAR_SEQ 335 370 Missing (in isoform 3). {ECO:0000303|PubMed:10934222}. /FTId=VSP_010400.	Q9BZW8-1,Q9BZW8-4	Q9BZW8-4 -> Q9BZW8-4,Q9BZW8-1 -> Q9BZW8-1
Q9NXR8	418	reviewed	ALTERNATIVE PRODUCTS:  Event=Alternative splicing; Named isoforms=3;  Name=1; IsoId=Q9NXR8-1; Sequence=Displayed; Name=2; IsoId=Q9NXR8-2; Sequence=VSP_012885, VSP_012886; Note=May be produced at very low levels due to a premature stop codon in the mRNA, leading to nonsense-mediated mRNA decay.; Name=3; IsoId=Q9NXR8-3; Sequence=VSP_012887, VSP_012888; Note=May be produced at very low levels due to a premature stop codon in the mRNA, leading to nonsense-mediated mRNA decay.; 	VAR_SEQ 90 93 VDRH -> DLWN (in isoform 3). {ECO:0000303|PubMed:14702039, ECO:0000303|PubMed:15489334}. /FTId=VSP_012887.; VAR_SEQ 90 92 VDR -> QHF (in isoform 2). {ECO:0000303|PubMed:15489334, ECO:0000303|Ref.4}. /FTId=VSP_012885.; VAR_SEQ 93 418 Missing (in isoform 2). {ECO:0000303|PubMed:15489334, ECO:0000303|Ref.4}. /FTId=VSP_012886.; VAR_SEQ 94 418 Missing (in isoform 3). {ECO:0000303|PubMed:14702039, ECO:0000303|PubMed:15489334}. /FTId=VSP_012888.	Q9NXR8	
Q16538	588	reviewed	ALTERNATIVE PRODUCTS:  Event=Alternative splicing; Named isoforms=2;  Name=1; Synonyms=A-2; IsoId=Q16538-1; Sequence=Displayed; Name=2; Synonyms=A-1; IsoId=Q16538-2; Sequence=VSP_016302, VSP_016303; 	VAR_SEQ 1 284 Missing (in isoform 2). {ECO:0000303|PubMed:15489334, ECO:0000303|PubMed:8723724}. /FTId=VSP_016302.; VAR_SEQ 285 289 GVPIL -> MLSTG (in isoform 2). {ECO:0000303|PubMed:15489334, ECO:0000303|PubMed:8723724}. /FTId=VSP_016303.	Q16538-2,Q16538-1	Q16538-2 -> Q16538-2,Q16538-1 -> Q16538-1
Q9C0H2	523	reviewed	ALTERNATIVE PRODUCTS:  Event=Alternative splicing; Named isoforms=4;  Name=1; IsoId=Q9C0H2-1; Sequence=Displayed; Name=2; IsoId=Q9C0H2-2; Sequence=VSP_029770; Note=No experimental confirmation available.; Name=3; IsoId=Q9C0H2-3; Sequence=VSP_029769; Note=No experimental confirmation available.; Name=4; IsoId=Q9C0H2-4; Sequence=VSP_042220; Note=No experimental confirmation available.; 	VAR_SEQ 1 208 MAGVSYAAPWWVSLLHRLPHFDLSWEATSSQFRPEDTDYQQALLLLGAAALACLALDLLFLLFYSFWLCCRRRKSEEHLDADCCCTAWCVIIATLVCSAGIAVGFYGNGETSDGIHRATYSLRHANRTVAGVQDRVWDTAVGLNHTAEPSLQTLERQLAGRPEPLRAVQRLQGLLETLLGYTAAIPFWRNTAVSLEVLAEQVDLYDWY -> MPSGVPGCWPQLPLKGPWRPTPRPRVPVPWRTPRFAC (in isoform 3). {ECO:0000303|PubMed:14702039}. /FTId=VSP_029769.; VAR_SEQ 210 241 Missing (in isoform 2). {ECO:0000303|PubMed:12693554}. /FTId=VSP_029770.; VAR_SEQ 501 523 YTSSMRAKYLATSQPRPDSSGSH -> RYLAALDSGSHAGWQFKPMDSARTLW (in isoform 4). {ECO:0000303|PubMed:15489334}. /FTId=VSP_042220.	Q9C0H2	
Q9C0H5	1083	reviewed	ALTERNATIVE PRODUCTS:  Event=Alternative splicing; Named isoforms=2;  Name=1; IsoId=Q9C0H5-1; Sequence=Displayed; Name=2; IsoId=Q9C0H5-2; Sequence=VSP_040749; 	VAR_SEQ 840 840 K -> KVTQHIKELLERNTKKKSKLRKKPKPYVEEPD (in isoform 2). {ECO:0000303|PubMed:14702039}. /FTId=VSP_040749.	Q9C0H5	
Q9C0H9	1183	reviewed	ALTERNATIVE PRODUCTS:  Event=Alternative splicing; Named isoforms=3;  Name=1; IsoId=Q9C0H9-5; Sequence=Displayed; Name=2 {ECO:0000305}; IsoId=Q9C0H9-2; Sequence=VSP_059451, VSP_059454; Note=No experimental confirmation available. {ECO:0000305}; Name=3; IsoId=Q9C0H9-4; Sequence=VSP_059450, VSP_059452, VSP_059453; Note=No experimental confirmation available. {ECO:0000305}; 	VAR_SEQ 1 694 Missing (in isoform 3). /FTId=VSP_059450.; VAR_SEQ 1 180 MGNAPSQDPERSSPPMLSADDAEYPREYRTLGGGGGGGSGGRRFSNVGLVHTSERRHTVIAAQSLEALSGLQKADADRKRDAFMDHLKSKYPQHALALRGQQDRMREQPNYWSFKTRSSRHTQGAQPGLADQAAKLSYASAESLETMSEAELPLGFSRMNRFRQSLPLSRSASQTKLRSP -> MRGAWVHLHSGAASSLRPCRCGAGAAPKSSPRSPGGRRGDGSSDSEGGVSFA (in isoform 2). /FTId=VSP_059451.; VAR_SEQ 910 951 AAERDWEEKRAALTQYSAKDINRLLEETQAELLKAIPDLDCA -> VLGPGIVGGAMSQVHTFLRPSFLEWGVPILWVFFLGGGGPVP (in isoform 3). /FTId=VSP_059452.; VAR_SEQ 952 1183 Missing (in isoform 3). /FTId=VSP_059453.; VAR_SEQ 1141 1183 Missing (in isoform 2). /FTId=VSP_059454.	Q9C0H9	
Q9NXR1	335	reviewed	ALTERNATIVE PRODUCTS:  Event=Alternative splicing; Named isoforms=2;  Name=1; IsoId=Q9NXR1-2; Sequence=Displayed; Name=2; IsoId=Q9NXR1-1; Sequence=VSP_059512; 	VAR_SEQ 318 335 DTSCRWLSKSTTRSSSSC -> GKRLEFGKPPSHMSSSPLPSAQGVVKMLL (in isoform 2). /FTId=VSP_059512.	Q9NXR1	
Q07960	439	reviewed			Q07960	
Q9NXR5	420	reviewed	ALTERNATIVE PRODUCTS:  Event=Alternative splicing; Named isoforms=2;  Name=1; IsoId=Q9NXR5-1; Sequence=Displayed; Name=2; IsoId=Q9NXR5-2; Sequence=VSP_034637, VSP_034638; 	VAR_SEQ 152 220 DLRNASGLTAADIAQTQGFQECAQFLLNLQNCHLNHFYNNGILNGGHQNVFPNHISVGTNRKRCLEDSE -> EFISQSSVHSCLPGELQHGVTFDPSVLIQCLKPEKCQWPDSSRHCTNPGFPRVCPVSLEPPELSSEPFL (in isoform 2). {ECO:0000303|PubMed:15489334}. /FTId=VSP_034637.; VAR_SEQ 221 420 Missing (in isoform 2). {ECO:0000303|PubMed:15489334}. /FTId=VSP_034638.	Q9NXR5	
Q9NXR7	383	reviewed	ALTERNATIVE PRODUCTS:  Event=Alternative splicing; Named isoforms=4;  Comment=Additional isoforms may exist. {ECO:0000305}; Name=2 {ECO:0000269|PubMed:14636569}; IsoId=Q9NXR7-2; Sequence=Displayed; Name=1 {ECO:0000305}; IsoId=Q9NXR7-1; Sequence=VSP_051956; Name=3 {ECO:0000269|PubMed:11676476}; Synonyms=Alpha a'; IsoId=Q9NXR7-3; Sequence=VSP_051957; Name=4; IsoId=Q9NXR7-4; Sequence=VSP_037261; 	VAR_SEQ 363 383 KAYFKTFVPQFQEAAFANGKL -> NSRRQHLPMESSRKHQS (in isoform 3). {ECO:0000303|PubMed:11676476}. /FTId=VSP_051957.; VAR_SEQ 364 383 AYFKTFVPQFQEAAFANGKL -> GCQGSRDACSPWEQVLAFAVAKTGCKLLQPQRNWPSSRGPPWRASEGERTAQ (in isoform 1). {ECO:0000303|PubMed:14702039}. /FTId=VSP_051956.; VAR_SEQ 364 383 AYFKTFVPQFQEAAFANGKL -> RESNRDGEESSSA (in isoform 4). {ECO:0000303|PubMed:11676476}. /FTId=VSP_037261.	Q9NXR7	
Q70HW3	274	reviewed	ALTERNATIVE PRODUCTS:  Event=Alternative splicing; Named isoforms=3;  Name=1; IsoId=Q70HW3-1; Sequence=Displayed; Name=2; IsoId=Q70HW3-2; Sequence=VSP_031062; Name=3; IsoId=Q70HW3-3; Sequence=VSP_031062, VSP_031063, VSP_031064; Note=No experimental confirmation available.; 	VAR_SEQ 1 88 Missing (in isoform 2 and isoform 3). {ECO:0000303|PubMed:14702039, ECO:0000303|PubMed:15489334}. /FTId=VSP_031062.; VAR_SEQ 152 154 IPF -> EED (in isoform 3). {ECO:0000303|PubMed:15489334}. /FTId=VSP_031063.; VAR_SEQ 155 274 Missing (in isoform 3). {ECO:0000303|PubMed:15489334}. /FTId=VSP_031064.	Q70HW3-1,Q70HW3-2	Q70HW3-2 -> Q70HW3-2,Q70HW3-1 -> Q70HW3-1
O75019	489	reviewed	ALTERNATIVE PRODUCTS:  Event=Alternative splicing; Named isoforms=2;  Name=1; Synonyms=LIR-6a; IsoId=O75019-1; Sequence=Displayed; Name=2; Synonyms=LIR-6b; IsoId=O75019-2; Sequence=VSP_008454; 	VAR_SEQ 221 420 Missing (in isoform 2). {ECO:0000303|PubMed:9548455}. /FTId=VSP_008454.	O75019-1,O75019-2	O75019-1 -> O75019-1,O75019-2 -> O75019-2
Q5H9L2	206	reviewed			Q5H9L2	
Q96AT9	228	reviewed	ALTERNATIVE PRODUCTS:  Event=Alternative splicing; Named isoforms=5;  Name=1; IsoId=Q96AT9-1; Sequence=Displayed; Name=2; IsoId=Q96AT9-2; Sequence=VSP_008317, VSP_008318; Note=No experimental confirmation available.; Name=3; IsoId=Q96AT9-3; Sequence=VSP_047117, VSP_008318; Note=Gene prediction based on EST data.; Name=4; IsoId=Q96AT9-4; Sequence=VSP_055265; Note=No experimental confirmation available.; Name=5; IsoId=Q96AT9-5; Sequence=VSP_047117; Note=Gene prediction based on EST data.; 	VAR_SEQ 1 68 Missing (in isoform 3 and isoform 5). {ECO:0000305}. /FTId=VSP_047117.; VAR_SEQ 43 68 Missing (in isoform 2). {ECO:0000303|PubMed:14702039}. /FTId=VSP_008317.; VAR_SEQ 114 114 K -> KSCSVTQAEVQWHSQGPLQ (in isoform 2 and isoform 3). {ECO:0000303|PubMed:14702039}. /FTId=VSP_008318.; VAR_SEQ 160 188 Missing (in isoform 4). {ECO:0000303|PubMed:14702039}. /FTId=VSP_055265.	Q96AT9-3,Q96AT9-5,Q96AT9-4	Q96AT9-5 -> Q96AT9-5,Q96AT9-4 -> Q96AT9-4,Q96AT9-3 -> Q96AT9-3
P04280	392	reviewed			P04280	
P40424	430	reviewed	ALTERNATIVE PRODUCTS:  Event=Alternative splicing; Named isoforms=3;  Name=PBX1a; IsoId=P40424-1; Sequence=Displayed; Name=PBX1b; IsoId=P40424-2; Sequence=VSP_002271, VSP_002272; Name=3; IsoId=P40424-3; Sequence=VSP_044499; Note=No experimental confirmation available.; 	VAR_SEQ 334 347 SSSSFNMSNSGDLF -> GYPSPCYQPDRRIQ (in isoform PBX1b). {ECO:0000305}. /FTId=VSP_002271.; VAR_SEQ 348 430 Missing (in isoform PBX1b). {ECO:0000305}. /FTId=VSP_002272.; VAR_SEQ 401 430 ANGGWQDATTPSSVTSPTEGPGSVHSDTSN -> HLPRHPRQAHYHFRLPTWHP (in isoform 3). {ECO:0000303|PubMed:14702039}. /FTId=VSP_044499.	P40424	
P40425	430	reviewed			P40425	
P40426	434	reviewed	ALTERNATIVE PRODUCTS:  Event=Alternative splicing; Named isoforms=5;  Name=PBX3a; IsoId=P40426-1; Sequence=Displayed; Name=PBX3b; IsoId=P40426-2; Sequence=VSP_002276, VSP_002277; Name=PBX3c; IsoId=P40426-3; Sequence=VSP_002275; Name=PBX3d; IsoId=P40426-4; Sequence=VSP_002275, VSP_002276, VSP_002277; Name=5; IsoId=P40426-5; Sequence=VSP_046311; Note=No experimental confirmation available.; 	VAR_SEQ 1 181 Missing (in isoform PBX3c and isoform PBX3d). {ECO:0000303|PubMed:11579467, ECO:0000303|PubMed:14702039}. /FTId=VSP_002275.; VAR_SEQ 1 75 Missing (in isoform 5). {ECO:0000303|PubMed:14702039}. /FTId=VSP_046311.; VAR_SEQ 338 351 SSGSFNLPNSGDMF -> GYPPSCYQSDGRLQ (in isoform PBX3b and isoform PBX3d). {ECO:0000303|PubMed:11579467, ECO:0000303|PubMed:1682799}. /FTId=VSP_002276.; VAR_SEQ 352 434 Missing (in isoform PBX3b and isoform PBX3d). {ECO:0000303|PubMed:11579467, ECO:0000303|PubMed:1682799}. /FTId=VSP_002277.	P40426	
P40429	203	reviewed			P40429	
Q9H2I8	198	reviewed			Q9H2I8	
P08842	583	reviewed			P08842	
Q5VUR7	823	reviewed			Q5VUR7	
Q9UNA4	740	reviewed			Q9UNA4	
O14519	115	reviewed	ALTERNATIVE PRODUCTS:  Event=Alternative splicing; Named isoforms=2;  Name=1; IsoId=O14519-1; Sequence=Displayed; Name=2; IsoId=O14519-2; Sequence=VSP_046436; Note=No experimental confirmation available.; 	VAR_SEQ 1 28 Missing (in isoform 2). {ECO:0000303|Ref.3}. /FTId=VSP_046436.	O14519-1,O14519-2	O14519-1 -> O14519-1,O14519-2 -> O14519-2
P02760	352	reviewed			P02760	
P02763	201	reviewed			P02763	
P02765	367	reviewed			P02765	
P02766	147	reviewed			P02766	
P49771	235	reviewed	ALTERNATIVE PRODUCTS:  Event=Alternative splicing; Named isoforms=3;  Name=1; Synonyms=Membrane-bound; IsoId=P49771-1; Sequence=Displayed; Name=2; Synonyms=Soluble; IsoId=P49771-2; Sequence=VSP_004251, VSP_004252; Name=3; IsoId=P49771-3; Sequence=VSP_054599; 	VAR_SEQ 1 82 Missing (in isoform 3). {ECO:0000303|PubMed:14702039, ECO:0000303|PubMed:15489334}. /FTId=VSP_054599.; VAR_SEQ 161 178 DSSTLPPPWSPRPLEATA -> VETVFHRVSQDGLDLLTS (in isoform 2). {ECO:0000305}. /FTId=VSP_004251.; VAR_SEQ 179 235 Missing (in isoform 2). {ECO:0000305}. /FTId=VSP_004252.	P49771-3,P49771-1	P49771-3 -> P49771-3,P49771-1 -> P49771-1
Q5VV52	315	reviewed	ALTERNATIVE PRODUCTS:  Event=Alternative splicing; Named isoforms=2;  Name=1; IsoId=Q5VV52-2; Sequence=Displayed; Name=2; IsoId=Q5VV52-3; Sequence=VSP_018183; Note=No experimental confirmation available.; 	VAR_SEQ 1 31 Missing (in isoform 2). {ECO:0000305}. /FTId=VSP_018183.	Q5VV52-2,Q5VV52-3	Q5VV52-2 -> Q5VV52-2,Q5VV52-3 -> Q5VV52-3
P35251	1148	reviewed	ALTERNATIVE PRODUCTS:  Event=Alternative splicing; Named isoforms=2;  Name=1; IsoId=P35251-1; Sequence=Displayed; Name=2; IsoId=P35251-2; Sequence=VSP_008443; Note=Alternative use of an acceptor site.; 	VAR_SEQ 630 630 Missing (in isoform 2). {ECO:0000303|PubMed:15489334, ECO:0000303|PubMed:8512577}. /FTId=VSP_008443.	P35251-2,P35251-1	P35251-1 -> P35251-1,P35251-2 -> P35251-2
P41134	155	reviewed	ALTERNATIVE PRODUCTS:  Event=Alternative splicing; Named isoforms=2;  Comment=Additional isoforms seem to exist.; Name=ID-A; IsoId=P41134-1; Sequence=Displayed; Name=ID-B; IsoId=P41134-2; Sequence=VSP_002108; 	VAR_SEQ 143 155 AACVPADDRILCR -> VRSRSDH (in isoform ID-B). {ECO:0000303|PubMed:7637581, ECO:0000303|PubMed:8294468}. /FTId=VSP_002108.	P41134-1,P41134-2	P41134-1 -> P41134-1,P41134-2 -> P41134-2
P39023	403	reviewed			P39023	
H0YL14	139	reviewed			H0YL14	
Q8N7S6	290	reviewed			Q8N7S6	
Q9P219	2028	reviewed	ALTERNATIVE PRODUCTS:  Event=Alternative splicing; Named isoforms=3;  Name=1 {ECO:0000269|PubMed:10819331, ECO:0000269|Ref.1}; IsoId=Q9P219-1; Sequence=Displayed; Name=2 {ECO:0000269|PubMed:15489334}; IsoId=Q9P219-2; Sequence=VSP_052390, VSP_052391; Note=No experimental confirmation available. {ECO:0000305}; Name=3 {ECO:0000269|Ref.4}; IsoId=Q9P219-3; Sequence=VSP_052389, VSP_052392; Note=Due to intron retention. No experimental confirmation available.; 	VAR_SEQ 1 1550 Missing (in isoform 3). {ECO:0000303|Ref.4}. /FTId=VSP_052389.; VAR_SEQ 1 1476 Missing (in isoform 2). {ECO:0000303|PubMed:15489334}. /FTId=VSP_052390.; VAR_SEQ 1477 1481 SVGKG -> MSVLS (in isoform 2). {ECO:0000303|PubMed:15489334}. /FTId=VSP_052391.; VAR_SEQ 1551 1566 LCEPSLEFEVPNHRQY -> MPSSTLPGWPGSSGGP (in isoform 3). {ECO:0000303|Ref.4}. /FTId=VSP_052392.	Q9P219	
Q9P218	1284	reviewed	ALTERNATIVE PRODUCTS:  Event=Alternative splicing; Named isoforms=3;  Name=1; IsoId=Q9P218-1; Sequence=Displayed; Name=2; IsoId=Q9P218-2; Sequence=VSP_038876, VSP_038878; Name=3; IsoId=Q9P218-3; Sequence=VSP_038877; Note=No experimental confirmation available.; 	VAR_SEQ 165 166 PA -> PGGSEWRET (in isoform 2). {ECO:0000303|PubMed:10819331}. /FTId=VSP_038876.; VAR_SEQ 1098 1098 R -> RGEPGPPGQMGPEGPGGQQGSPGTQGRAVQGPV (in isoform 3). {ECO:0000303|Ref.4}. /FTId=VSP_038877.; VAR_SEQ 1204 1205 AS -> ACESAIQT (in isoform 2). {ECO:0000303|PubMed:10819331}. /FTId=VSP_038878.	Q9P218	
Q9P215	609	reviewed			Q9P215	
Q9P217	1185	reviewed			Q9P217	
P56378	58	reviewed	ALTERNATIVE PRODUCTS:  Event=Alternative splicing; Named isoforms=2;  Name=1; IsoId=P56378-1; Sequence=Displayed; Name=2; IsoId=P56378-2; Sequence=VSP_047043; Note=No experimental confirmation available.; 	VAR_SEQ 1 1 M -> MKLYGTRGSDISHFQCQM (in isoform 2). {ECO:0000303|Ref.3}. /FTId=VSP_047043.	P56378-2,P56378-1	P56378-1 -> P56378-1,P56378-2 -> P56378-2
Q9H3M9	355	reviewed			Q9H3M9	
Q9H3M7	391	reviewed	ALTERNATIVE PRODUCTS:  Event=Alternative splicing; Named isoforms=2;  Name=1; IsoId=Q9H3M7-1; Sequence=Displayed; Name=2; IsoId=Q9H3M7-2; Sequence=VSP_054401; Note=No experimental confirmation available.; 	VAR_SEQ 1 83 MVMFKKIKSFEVVFNDPEKVYGSGEKVAGRVIVEVCEVTRVKAVRILACGVAKVLWMQGSQQCKQTSEYLRYEDTLLLEDQPT -> MPPKHSLSHRCILSVTASLMATRFSFPS (in isoform 2). {ECO:0000303|PubMed:14702039}. /FTId=VSP_054401.	Q9H3M7	
Q9H3M0	494	reviewed			Q9H3M0	
Q5VVP1	1343	reviewed			Q5VVP1	
P46063	649	reviewed			P46063	
Q9BZG2	426	reviewed	ALTERNATIVE PRODUCTS:  Event=Alternative splicing; Named isoforms=3;  Name=1; IsoId=Q9BZG2-1; Sequence=Displayed; Name=2; Synonyms=Variant 3; IsoId=Q9BZG2-2; Sequence=VSP_021494; Name=3; Synonyms=Truncated variant 1, Truncated variant 2; IsoId=Q9BZG2-3; Sequence=VSP_021493, VSP_021495; 	VAR_SEQ 39 92 FRHGDRAPLASYPMDPHKEVASTLWPRGLGQLTTEGVRQQLELGRFLRSRYEAF -> RRPHPGLPLAPPGLALTSPVPRYSAMATGPRWPPTPWTHTRRWPPPCGHEAWAS (in isoform 3). {ECO:0000305}. /FTId=VSP_021493.; VAR_SEQ 91 183 Missing (in isoform 2). {ECO:0000305}. /FTId=VSP_021494.; VAR_SEQ 93 426 Missing (in isoform 3). {ECO:0000305}. /FTId=VSP_021495.	Q9BZG2	
Q9BZG8	443	reviewed	ALTERNATIVE PRODUCTS:  Event=Alternative splicing; Named isoforms=3;  Name=1; IsoId=Q9BZG8-1; Sequence=Displayed; Name=2; IsoId=Q9BZG8-2; Sequence=VSP_028852; Name=3; IsoId=Q9BZG8-3; Sequence=VSP_028851; 	VAR_SEQ 1 140 Missing (in isoform 3). {ECO:0000303|PubMed:15489334}. /FTId=VSP_028851.; VAR_SEQ 1 80 Missing (in isoform 2). {ECO:0000303|PubMed:8603384}. /FTId=VSP_028852.	Q9BZG8	
P01236	227	reviewed			P01236	
Q9NT22	766	reviewed	ALTERNATIVE PRODUCTS:  Event=Alternative splicing; Named isoforms=2;  Name=1; IsoId=Q9NT22-1; Sequence=Displayed; Name=2; IsoId=Q9NT22-2; Sequence=VSP_055481; Note=No experimental confirmation available.; 	VAR_SEQ 1 394 Missing (in isoform 2). {ECO:0000303|PubMed:15489334}. /FTId=VSP_055481.	Q9NT22-1	Q9NT22-1 -> Q9NT22-1
A0FGR9	886	reviewed	ALTERNATIVE PRODUCTS:  Event=Alternative splicing; Named isoforms=2;  Name=1; IsoId=A0FGR9-1; Sequence=Displayed; Name=2; IsoId=A0FGR9-2; Sequence=VSP_030424, VSP_030425; 	VAR_SEQ 479 501 NKVSKDPSSYVKLSVGKKTHTSK -> VKQGQQRPFFLCQTICRQEDTYK (in isoform 2). {ECO:0000303|PubMed:14702039, ECO:0000303|PubMed:15489334}. /FTId=VSP_030424.; VAR_SEQ 502 886 Missing (in isoform 2). {ECO:0000303|PubMed:14702039, ECO:0000303|PubMed:15489334}. /FTId=VSP_030425.	A0FGR9-1	A0FGR9-1 -> A0FGR9-1
Q8N865	590	reviewed			Q8N865	
A6NCC3	632	reviewed	ALTERNATIVE PRODUCTS:  Event=Alternative splicing; Named isoforms=2;  Name=1; IsoId=A6NCC3-2; Sequence=Displayed; Note=No experimental confirmation available.; Name=2; IsoId=A6NCC3-1; Sequence=VSP_044760, VSP_044761, VSP_044762; 	VAR_SEQ 104 262 Missing (in isoform 2). {ECO:0000305}. /FTId=VSP_044760.; VAR_SEQ 401 456 EHLEAASQQNQQLTAQLSLMALPGEGHGGEHLDSEGEEAPRPMPSVPEDPESREAM -> VKETETSTPSKKGWEAGSSLLGGEVPGQRQLPAWGLVTTAPRRAVLRLFLASCL (in isoform 2). {ECO:0000305}. /FTId=VSP_044761.; VAR_SEQ 457 632 Missing (in isoform 2). {ECO:0000305}. /FTId=VSP_044762.	A6NCC3	
P21145	153	reviewed	ALTERNATIVE PRODUCTS:  Event=Alternative splicing; Named isoforms=4;  Name=A; IsoId=P21145-1; Sequence=Displayed; Name=B; IsoId=P21145-2; Sequence=VSP_003164; Name=C; IsoId=P21145-3; Sequence=VSP_003163; Name=D; IsoId=P21145-4; Sequence=VSP_003162; 	VAR_SEQ 32 129 Missing (in isoform D). {ECO:0000305}. /FTId=VSP_003162.; VAR_SEQ 32 87 Missing (in isoform C). {ECO:0000305}. /FTId=VSP_003163.; VAR_SEQ 88 129 Missing (in isoform B). {ECO:0000305}. /FTId=VSP_003164.	P21145-4	P21145-4 -> P21145-4
Q5VZT2	155	reviewed	ALTERNATIVE PRODUCTS:  Event=Alternative splicing; Named isoforms=2;  Name=1; IsoId=Q5VZT2-1; Sequence=Displayed; Name=2; IsoId=Q5VZT2-2; Sequence=VSP_044974, VSP_044975; Note=No experimental confirmation available.; 	VAR_SEQ 57 79 PGKAERRAEKGLRPPRKLVGETR -> LEERTAALYPIGLVRQNGEPRRA (in isoform 2). {ECO:0000303|PubMed:15489334}. /FTId=VSP_044974.; VAR_SEQ 80 155 Missing (in isoform 2). {ECO:0000303|PubMed:15489334}. /FTId=VSP_044975.	Q5VZT2-1	Q5VZT2-1 -> Q5VZT2-1
Q96FL8	570	reviewed	ALTERNATIVE PRODUCTS:  Event=Alternative splicing; Named isoforms=3;  Name=1; IsoId=Q96FL8-1; Sequence=Displayed; Name=2; IsoId=Q96FL8-2; Sequence=VSP_029903, VSP_029904; Note=No experimental confirmation available.; Name=3; IsoId=Q96FL8-3; Sequence=VSP_029905; Note=No experimental confirmation available.; 	VAR_SEQ 286 290 ILGMV -> LYEDG (in isoform 2). {ECO:0000303|PubMed:15489334}. /FTId=VSP_029903.; VAR_SEQ 291 570 Missing (in isoform 2). {ECO:0000303|PubMed:15489334}. /FTId=VSP_029904.; VAR_SEQ 559 570 VGILVRFYVRIQ -> AGVRWCDHSSLQPRTLGLQAILLCQPPE (in isoform 3). {ECO:0000303|PubMed:15489334}. /FTId=VSP_029905.	Q96FL8-1,Q96FL8-3	Q96FL8-1 -> Q96FL8-1,Q96FL8-3 -> Q96FL8-3
P09001	348	reviewed			P09001	
P53708	1063	reviewed			P53708	
P04035	888	reviewed	ALTERNATIVE PRODUCTS:  Event=Alternative splicing; Named isoforms=3;  Name=1; IsoId=P04035-1; Sequence=Displayed; Name=2; IsoId=P04035-2; Sequence=VSP_002207; Note=No experimental confirmation available.; Name=3; Synonyms=HMGCR-1b; IsoId=P04035-3; Sequence=VSP_046492; Note=Most highly expressed transcript in skin, esophagus, and uterine cervix.; 	VAR_SEQ 1 1 M -> MQWMSHTRERDAGSKDSVATM (in isoform 3). {ECO:0000303|PubMed:14702039}. /FTId=VSP_046492.; VAR_SEQ 522 574 Missing (in isoform 2). {ECO:0000303|PubMed:15489334}. /FTId=VSP_002207.	P04035	
Q6NX45	483	reviewed			Q6NX45	
Q9Y4P9	236	reviewed	ALTERNATIVE PRODUCTS:  Event=Alternative splicing; Named isoforms=2;  Name=1; IsoId=Q9Y4P9-1; Sequence=Displayed; Note=Gene prediction based on EST data. No experimental confirmation available.; Name=2; IsoId=Q9Y4P9-2; Sequence=VSP_017219, VSP_017220; 	VAR_SEQ 141 162 VSQKARGEGVPDPQGGGQLSWD -> KVAFSISPSRLELSFCPSSCHL (in isoform 2). {ECO:0000303|PubMed:11230166, ECO:0000303|PubMed:15489334}. /FTId=VSP_017219.; VAR_SEQ 163 236 Missing (in isoform 2). {ECO:0000303|PubMed:11230166, ECO:0000303|PubMed:15489334}. /FTId=VSP_017220.	Q9Y4P9-1	Q9Y4P9-1 -> Q9Y4P9-1
P60981	165	reviewed	ALTERNATIVE PRODUCTS:  Event=Alternative splicing; Named isoforms=2;  Name=1; IsoId=P60981-1; Sequence=Displayed; Name=2; IsoId=P60981-2; Sequence=VSP_043069; Note=No experimental confirmation available.; 	VAR_SEQ 1 17 Missing (in isoform 2). {ECO:0000303|PubMed:14702039}. /FTId=VSP_043069.	P60981-2	P60981-2 -> P60981-2
Q14568	343	reviewed			Q14568	
Q9H967	626	reviewed			Q9H967	
Q14563	771	reviewed			Q14563	
Q14562	1220	reviewed			Q14562	
Q14566	821	reviewed			Q14566	
Q96JD6	320	reviewed	ALTERNATIVE PRODUCTS:  Event=Alternative splicing; Named isoforms=5;  Name=1; IsoId=Q96JD6-1; Sequence=Displayed; Name=2; Synonyms=HTSP2 {ECO:0000303|PubMed:12604216}, htAKR2 {ECO:0000303|PubMed:15118078}; IsoId=Q96JD6-2; Sequence=VSP_025615; Name=3; Synonyms=HTSP1 {ECO:0000303|PubMed:12604216}, htAKR1 {ECO:0000303|PubMed:15118078}; IsoId=Q96JD6-3; Sequence=VSP_025615, VSP_025616, VSP_025617; Name=4; Synonyms=HTSP4 {ECO:0000303|PubMed:12604216}, htAKR4 {ECO:0000303|PubMed:15118078}; IsoId=Q96JD6-4; Sequence=VSP_025616, VSP_025617; Name=5; Synonyms=HTSP3 {ECO:0000303|PubMed:12604216}, htAKR3 {ECO:0000303|PubMed:15118078}; IsoId=Q96JD6-5; Sequence=VSP_025614; 	VAR_SEQ 154 251 Missing (in isoform 5). {ECO:0000303|PubMed:12604216}. /FTId=VSP_025614.; VAR_SEQ 194 250 Missing (in isoform 2 and isoform 3). {ECO:0000303|PubMed:12604216}. /FTId=VSP_025615.; VAR_SEQ 307 307 I -> M (in isoform 3 and isoform 4). {ECO:0000303|PubMed:12604216, ECO:0000303|PubMed:15489334}. /FTId=VSP_025616.; VAR_SEQ 308 320 Missing (in isoform 3 and isoform 4). {ECO:0000303|PubMed:12604216, ECO:0000303|PubMed:15489334}. /FTId=VSP_025617.	Q96JD6-5,Q96JD6-3,Q96JD6-2,Q96JD6-1	Q96JD6-1 -> Q96JD6-1,Q96JD6-2 -> Q96JD6-2,Q96JD6-5 -> Q96JD6-5,Q96JD6-3 -> Q96JD6-3
Q9NRH3	451	reviewed			Q9NRH3	
A6NIR3	686	reviewed			A6NIR3	
Q86VP1	789	reviewed	ALTERNATIVE PRODUCTS:  Event=Alternative splicing; Named isoforms=4;  Name=1; IsoId=Q86VP1-1; Sequence=Displayed; Name=2; Synonyms=TXBP151-L; IsoId=Q86VP1-2; Sequence=VSP_018355; Name=3; Synonyms=TXBP151-S; IsoId=Q86VP1-3; Sequence=VSP_018354, VSP_018355; Name=4; IsoId=Q86VP1-4; Sequence=VSP_045921, VSP_018355; Note=No experimental confirmation available.; 	VAR_SEQ 1 184 Missing (in isoform 3). {ECO:0000305}. /FTId=VSP_018354.; VAR_SEQ 1 157 Missing (in isoform 4). {ECO:0000303|PubMed:14702039}. /FTId=VSP_045921.; VAR_SEQ 604 645 Missing (in isoform 2, isoform 3 and isoform 4). {ECO:0000303|PubMed:10435631, ECO:0000303|PubMed:10920205, ECO:0000303|PubMed:14702039, ECO:0000303|Ref.4, ECO:0000303|Ref.6}. /FTId=VSP_018355.	Q86VP1	
O43395	683	reviewed	ALTERNATIVE PRODUCTS:  Event=Alternative splicing; Named isoforms=2;  Name=1; IsoId=O43395-1; Sequence=Displayed; Name=2; IsoId=O43395-3; Sequence=VSP_056265, VSP_056266, VSP_056267; Note=No experimental confirmation available.; 	VAR_SEQ 1 135 Missing (in isoform 2). {ECO:0000303|PubMed:14702039}. /FTId=VSP_056265.; VAR_SEQ 402 416 TEENPKREDYFGITN -> GKSQERRLFWNHKSC (in isoform 2). {ECO:0000303|PubMed:14702039}. /FTId=VSP_056266.; VAR_SEQ 417 683 Missing (in isoform 2). {ECO:0000303|PubMed:14702039}. /FTId=VSP_056267.	O43395	
Q96CU9	486	reviewed	ALTERNATIVE PRODUCTS:  Event=Alternative splicing; Named isoforms=3;  Name=1; IsoId=Q96CU9-1; Sequence=Displayed; Name=2; IsoId=Q96CU9-2; Sequence=VSP_022629; Note=No experimental confirmation available.; Name=3; IsoId=Q96CU9-3; Sequence=VSP_039003; Note=No experimental confirmation available.; 	VAR_SEQ 1 211 Missing (in isoform 2). {ECO:0000303|Ref.3}. /FTId=VSP_022629.; VAR_SEQ 1 28 MIRRVLPHGMGRGLLTRRPGTRRGGFSL -> MAHTGRTVGRLGEG (in isoform 3). {ECO:0000303|PubMed:14702039}. /FTId=VSP_039003.	Q96CU9-3	Q96CU9-3 -> Q96CU9-3
Q86VY4	417	reviewed			Q86VY4	
Q92526	530	reviewed	ALTERNATIVE PRODUCTS:  Event=Alternative splicing; Named isoforms=3;  Name=1; IsoId=Q92526-1; Sequence=Displayed; Name=2; IsoId=Q92526-2; Sequence=VSP_043040; Note=No experimental confirmation available.; Name=3; IsoId=Q92526-3; Sequence=VSP_047129; 	VAR_SEQ 68 112 Missing (in isoform 2). {ECO:0000303|PubMed:14702039}. /FTId=VSP_043040.; VAR_SEQ 206 242 Missing (in isoform 3). {ECO:0000303|PubMed:14702039}. /FTId=VSP_047129.	Q92526	
Q92521	554	reviewed			Q92521	
Q92520	227	reviewed			Q92520	
Q92523	772	reviewed	ALTERNATIVE PRODUCTS:  Event=Alternative splicing; Named isoforms=4;  Name=1; IsoId=Q92523-1; Sequence=Displayed; Name=2; IsoId=Q92523-2; Sequence=VSP_034246, VSP_034247; Name=3; IsoId=Q92523-3; Sequence=VSP_043184; Note=No experimental confirmation available.; Name=4; IsoId=Q92523-4; Sequence=VSP_044451; Note=No experimental confirmation available.; 	VAR_SEQ 154 187 Missing (in isoform 3). {ECO:0000303|PubMed:14702039}. /FTId=VSP_043184.; VAR_SEQ 355 435 Missing (in isoform 4). {ECO:0000303|PubMed:14702039}. /FTId=VSP_044451.; VAR_SEQ 581 581 D -> G (in isoform 2). {ECO:0000303|PubMed:11258795}. /FTId=VSP_034246.; VAR_SEQ 582 772 Missing (in isoform 2). {ECO:0000303|PubMed:11258795}. /FTId=VSP_034247.	Q92523	
Q9Y6Q5	423	reviewed	ALTERNATIVE PRODUCTS:  Event=Alternative splicing; Named isoforms=2;  Name=1; IsoId=Q9Y6Q5-1; Sequence=Displayed; Name=2; IsoId=Q9Y6Q5-2; Sequence=VSP_000169; Note=No experimental confirmation available.; 	VAR_SEQ 225 225 R -> LSG (in isoform 2). {ECO:0000303|PubMed:15489334}. /FTId=VSP_000169.	Q9Y6Q5-1	Q9Y6Q5-1 -> Q9Y6Q5-1
Q92597	394	reviewed	ALTERNATIVE PRODUCTS:  Event=Alternative splicing; Named isoforms=3;  Name=1; IsoId=Q92597-1; Sequence=Displayed; Name=2; IsoId=Q92597-2; Sequence=VSP_045038; Note=No experimental confirmation available.; Name=3; IsoId=Q92597-3; Sequence=VSP_045037; Note=No experimental confirmation available.; 	VAR_SEQ 1 81 Missing (in isoform 3). {ECO:0000303|PubMed:14702039}. /FTId=VSP_045037.; VAR_SEQ 1 66 Missing (in isoform 2). {ECO:0000303|PubMed:14702039}. /FTId=VSP_045038.	Q92597	
Q92529	594	reviewed	ALTERNATIVE PRODUCTS:  Event=Alternative splicing; Named isoforms=2;  Name=p64; IsoId=Q92529-1; Sequence=Displayed; Name=p52; IsoId=Q92529-2; Sequence=VSP_009805; 	VAR_SEQ 1 155 MLPRTKYNRFRNDSVTSVDDLLHSLSVSGGGGKVSAARATPAAAPYLVSGEALRKAPDDGPGSLGHLLHKVSHLKLSSSGLRGLSSAARERAGARLSGSCSAPSLAAPDGSAPSAPRAPAMSAARKGRPGDEPLPRPPRGAPHASDQVLGPGVTY -> MHARAAASVMDICRIRLLIRLTIGLERPPGQV (in isoform p52). {ECO:0000303|PubMed:8760305, ECO:0000303|PubMed:8808684}. /FTId=VSP_009805.	Q92529	
Q9BZW8	370	reviewed	ALTERNATIVE PRODUCTS:  Event=Alternative splicing; Named isoforms=4;  Name=1; Synonyms=H2B4-B; IsoId=Q9BZW8-1; Sequence=Displayed; Name=2; Synonyms=H2B4-A; IsoId=Q9BZW8-2; Sequence=VSP_010397; Note=Binds to CD48 with a sronger affinity than isoform 1, and interactions induces greater cytotoxicity and intracellular calcium release.; Name=3; Synonyms=H2B4; IsoId=Q9BZW8-3; Sequence=VSP_010397, VSP_010399, VSP_010400; Note=No experimental confirmation available.; Name=4; Synonyms=H2B4b; IsoId=Q9BZW8-4; Sequence=VSP_010398; Note=No experimental confirmation available.; 	VAR_SEQ 127 131 Missing (in isoform 2 and isoform 3). {ECO:0000303|PubMed:10358138, ECO:0000303|PubMed:10359122, ECO:0000303|PubMed:10458320, ECO:0000303|PubMed:10556801, ECO:0000303|PubMed:10934222, ECO:0000303|PubMed:15489334, ECO:0000303|Ref.7}. /FTId=VSP_010397.; VAR_SEQ 128 224 Missing (in isoform 4). {ECO:0000303|PubMed:10934222}. /FTId=VSP_010398.; VAR_SEQ 326 334 SGSRKRNHS -> GDRFYSFSG (in isoform 3). {ECO:0000303|PubMed:10934222}. /FTId=VSP_010399.; VAR_SEQ 335 370 Missing (in isoform 3). {ECO:0000303|PubMed:10934222}. /FTId=VSP_010400.	Q9BZW8-2	Q9BZW8-2 -> Q9BZW8-2
Q86VY9	491	reviewed			Q86VY9	
Q9Y5S9	174	reviewed	ALTERNATIVE PRODUCTS:  Event=Alternative splicing; Named isoforms=2;  Name=1; Synonyms=BOV-1a; IsoId=Q9Y5S9-1; Sequence=Displayed; Name=2; Synonyms=BOV-1b; IsoId=Q9Y5S9-2; Sequence=VSP_005810; 	VAR_SEQ 44 44 Missing (in isoform 2). {ECO:0000303|PubMed:10662555, ECO:0000303|PubMed:11013075}. /FTId=VSP_005810.	Q9Y5S9	
Q9NU63	452	reviewed	ALTERNATIVE PRODUCTS:  Event=Alternative splicing; Named isoforms=3;  Name=1; IsoId=Q9NU63-1; Sequence=Displayed; Name=2; IsoId=Q9NU63-2; Sequence=VSP_026329, VSP_026330; Name=3; IsoId=Q9NU63-3; Sequence=VSP_036659, VSP_026330; Note=No experimental confirmation available.; 	VAR_SEQ 1 13 MAAGEPRSLLFFQ -> MFEQLKPIEPRDCWREARVKK (in isoform 2). {ECO:0000305}. /FTId=VSP_026329.; VAR_SEQ 1 13 MAAGEPRSLLFFQ -> MFEQLKPIEPVQKTLPWVGEVAATLQEAMKRDCWREARVKK (in isoform 3). {ECO:0000303|PubMed:15489334}. /FTId=VSP_036659.; VAR_SEQ 78 78 E -> EFVHLPNTEGLSEGKKKELREQHPSLRDEGTSDDKVFLACRGAGQCPLSAPAGTMDR (in isoform 2 and isoform 3). {ECO:0000303|PubMed:15489334}. /FTId=VSP_026330.	Q9NU63-3	Q9NU63-3 -> Q9NU63-3
Q9UPN4	1083	reviewed	ALTERNATIVE PRODUCTS:  Event=Alternative splicing; Named isoforms=3;  Name=1; IsoId=Q9UPN4-1; Sequence=Displayed; Name=2; IsoId=Q9UPN4-2; Sequence=VSP_015823; Name=3; IsoId=Q9UPN4-3; Sequence=VSP_015823, VSP_040204; 	VAR_SEQ 491 493 Missing (in isoform 2 and isoform 3). {ECO:0000303|PubMed:15489334}. /FTId=VSP_015823.; VAR_SEQ 777 812 Missing (in isoform 3). {ECO:0000305}. /FTId=VSP_040204.	Q9UPN4-1,Q9UPN4-2,Q9UPN4-3	Q9UPN4-1 -> Q9UPN4-1,Q9UPN4-3 -> Q9UPN4-3,Q9UPN4-2 -> Q9UPN4-2
Q02878	288	reviewed			Q02878	
Q96EN9	201	reviewed	ALTERNATIVE PRODUCTS:  Event=Alternative splicing; Named isoforms=3;  Name=1; IsoId=Q96EN9-1; Sequence=Displayed; Name=2; IsoId=Q96EN9-2; Sequence=VSP_028325, VSP_028326; Note=No experimental confirmation available.; Name=3; IsoId=Q96EN9-3; Sequence=VSP_047493; Note=No experimental confirmation available.; 	VAR_SEQ 1 61 MITETAAEPTVPAVPAAEEATEARGREEPAWPWKDAPIRTLVQRIHQLQAERAQGFRRLEE -> MGRGFRGTGSSPSRERPHSTSPLPDDSLFVASLSSPRAGVGLSRVPLRESGSVLPTYQSSPLVSGDTSWGPFR (in isoform 2). {ECO:0000303|PubMed:14702039}. /FTId=VSP_028325.; VAR_SEQ 62 83 Missing (in isoform 3). {ECO:0000303|PubMed:15489334}. /FTId=VSP_047493.; VAR_SEQ 179 201 Missing (in isoform 2). {ECO:0000303|PubMed:14702039}. /FTId=VSP_028326.	Q96EN9-1,Q96EN9-3	Q96EN9-3 -> Q96EN9-3,Q96EN9-1 -> Q96EN9-1
A0AVF1	554	reviewed	ALTERNATIVE PRODUCTS:  Event=Alternative splicing; Named isoforms=3;  Name=1; IsoId=A0AVF1-1; Sequence=Displayed; Name=2; IsoId=A0AVF1-2; Sequence=VSP_043751; Note=No experimental confirmation available.; Name=3; IsoId=A0AVF1-3; Sequence=VSP_044791; Note=No experimental confirmation available.; 	VAR_SEQ 47 77 Missing (in isoform 3). {ECO:0000303|PubMed:14702039}. /FTId=VSP_044791.; VAR_SEQ 474 554 MGQFYYSAKAFDVLERLDPNPEYWEGKRGACVGIFQMIIAGREPKETLREVLHLLRSTGNTQVEYMIRIMKKWAKENRVSI -> RDPSRSAPFTEKHR (in isoform 2). {ECO:0000303|PubMed:15489334}. /FTId=VSP_043751.	A0AVF1-2,A0AVF1-1	A0AVF1-2 -> A0AVF1-2,A0AVF1-1 -> A0AVF1-1
Q96HA4	380	reviewed	ALTERNATIVE PRODUCTS:  Event=Alternative splicing; Named isoforms=5;  Name=1; IsoId=Q96HA4-1; Sequence=Displayed; Note=Gene prediction based on EST data.; Name=2; IsoId=Q96HA4-2; Sequence=VSP_021281, VSP_021282, VSP_021285; Note=No experimental confirmation available.; Name=3; IsoId=Q96HA4-3; Sequence=VSP_021281, VSP_021284, VSP_021286; Note=No experimental confirmation available.; Name=4; IsoId=Q96HA4-4; Sequence=VSP_021281, VSP_021283; Note=No experimental confirmation available.; Name=5; IsoId=Q96HA4-5; Sequence=VSP_021280; Note=No experimental confirmation available.; 	VAR_SEQ 1 126 Missing (in isoform 5). {ECO:0000303|PubMed:14702039}. /FTId=VSP_021280.; VAR_SEQ 25 60 Missing (in isoform 2, isoform 3 and isoform 4). {ECO:0000303|PubMed:12975309, ECO:0000303|PubMed:14702039, ECO:0000303|PubMed:15489334}. /FTId=VSP_021281.; VAR_SEQ 185 221 APALQPGEAAAMIPPPQSSGNSSCRIPLWGFPSLGQS -> GPAPAGSLPGRWSSQQFGPQAPALQPGEAVSNPHHPG (in isoform 2). {ECO:0000303|PubMed:15489334}. /FTId=VSP_021282.; VAR_SEQ 204 349 Missing (in isoform 4). {ECO:0000303|PubMed:14702039}. /FTId=VSP_021283.; VAR_SEQ 204 225 GNSSCRIPLWGFPSLGQSQGAL -> DVGSAGKEDPPRQGRPPIPAPP (in isoform 3). {ECO:0000303|PubMed:12975309}. /FTId=VSP_021284.; VAR_SEQ 222 380 Missing (in isoform 2). {ECO:0000303|PubMed:15489334}. /FTId=VSP_021285.; VAR_SEQ 226 380 Missing (in isoform 3). {ECO:0000303|PubMed:12975309}. /FTId=VSP_021286.	Q96HA4	
Q96HA7	1378	reviewed	ALTERNATIVE PRODUCTS:  Event=Alternative splicing; Named isoforms=2;  Name=1; IsoId=Q96HA7-1; Sequence=Displayed; Name=2; IsoId=Q96HA7-2; Sequence=VSP_032686; Note=No experimental confirmation available.; 	VAR_SEQ 631 641 GLSPLETLQQW -> ASARWRRCSSG (in isoform 2). {ECO:0000303|PubMed:7738005}. /FTId=VSP_032686.	Q96HA7	
Q13733	1029	reviewed	ALTERNATIVE PRODUCTS:  Event=Alternative splicing; Named isoforms=2;  Name=1; IsoId=Q13733-1; Sequence=Displayed; Name=2; IsoId=Q13733-2; Sequence=VSP_007364; Note=No experimental confirmation available.; 	VAR_SEQ 1 864 Missing (in isoform 2). {ECO:0000303|PubMed:15489334}. /FTId=VSP_007364.	Q13733-2	Q13733-2 -> Q13733-2
Q96HA1	1249	reviewed	ALTERNATIVE PRODUCTS:  Event=Alternative splicing; Named isoforms=3;  Name=1; IsoId=Q96HA1-1; Sequence=Displayed; Name=2; IsoId=Q96HA1-2; Sequence=VSP_035010; Name=3; IsoId=Q96HA1-3; Sequence=VSP_035010, VSP_035011; Note=No experimental confirmation available. {ECO:0000305}; 	VAR_SEQ 1 265 Missing (in isoform 2 and isoform 3). {ECO:0000303|PubMed:14702039, ECO:0000303|PubMed:15489334, ECO:0000303|PubMed:9734811}. /FTId=VSP_035010.; VAR_SEQ 1219 1249 SAALSFSIGAGSKTPGARQRLQARRQHTRKK -> NTFAHQQEHSPRKGPNNLSKRKLLPAVRAQGLPRRGQASSFPTRKE (in isoform 3). {ECO:0000303|PubMed:9734811}. /FTId=VSP_035011.	Q96HA1	
P19544	449	reviewed	ALTERNATIVE PRODUCTS:  Event=Alternative splicing, Alternative initiation; Named isoforms=8;  Name=1; IsoId=P19544-1; Sequence=Displayed; Note=Detected in nucleus speckle, may bind mRNA.; Name=2; IsoId=P19544-2; Sequence=VSP_006866, VSP_006867; Name=3; IsoId=P19544-3; Sequence=VSP_006866; Name=4; IsoId=P19544-4; Sequence=VSP_006867; Name=6; IsoId=P19544-6; Sequence=VSP_037582, VSP_037584, VSP_006867; Name=7; IsoId=P19544-7; Sequence=VSP_037583; Note=Produced by alternative initiation of isoform 1. Extended N-terminus.; Name=8; IsoId=P19544-8; Sequence=VSP_037583, VSP_006866; Note=Produced by alternative initiation of isoform 1. Extended N-terminus.; Name=9; IsoId=P19544-9; Sequence=VSP_037582, VSP_037584, VSP_006866; Note=No experimental confirmation available.; 	VAR_SEQ 1 144 Missing (in isoform 6 and isoform 9). {ECO:0000303|PubMed:14702039, ECO:0000303|PubMed:15489334}. /FTId=VSP_037582.; VAR_SEQ 1 1 M -> MDFLLLQDPASTCVPEPASQHTLRSGPGCLQQPEQQGVRDPGGIWAKLGAAEASAERLQGRRSRGASGSEPQQM (in isoform 7 and isoform 8). {ECO:0000303|PubMed:2154702}. /FTId=VSP_037583.; VAR_SEQ 145 147 RNQ -> MEK (in isoform 6 and isoform 9). {ECO:0000303|PubMed:14702039, ECO:0000303|PubMed:15489334}. /FTId=VSP_037584.; VAR_SEQ 250 266 Missing (in isoform 2, isoform 3, isoform 8 and isoform 9). {ECO:0000303|PubMed:14702039, ECO:0000303|PubMed:2154335}. /FTId=VSP_006866.; VAR_SEQ 408 410 Missing (in isoform 2, isoform 4 and isoform 6). {ECO:0000303|PubMed:14702039, ECO:0000303|PubMed:15489334, ECO:0000303|PubMed:2154335}. /FTId=VSP_006867.	P19544-9,P19544-6,P19544-7	P19544-6 -> P19544-6,P19544-7 -> P19544-7,P19544-9 -> P19544-9
Q96HA8	205	reviewed	ALTERNATIVE PRODUCTS:  Event=Alternative splicing; Named isoforms=2;  Name=1; IsoId=Q96HA8-1; Sequence=Displayed; Name=2; IsoId=Q96HA8-2; Sequence=VSP_055268; Note=No experimental confirmation available.; 	VAR_SEQ 1 60 Missing (in isoform 2). {ECO:0000303|PubMed:14702039}. /FTId=VSP_055268.	Q96HA8	
Q8N443	379	reviewed	ALTERNATIVE PRODUCTS:  Event=Alternative splicing; Named isoforms=3;  Name=1; IsoId=Q8N443-1; Sequence=Displayed; Name=2; IsoId=Q8N443-2; Sequence=VSP_021178, VSP_021179; Name=3; IsoId=Q8N443-3; Sequence=VSP_044834, VSP_044835; Note=No experimental confirmation available.; 	VAR_SEQ 67 181 Missing (in isoform 3). {ECO:0000303|PubMed:14702039}. /FTId=VSP_044834.; VAR_SEQ 182 192 DALSNQLRLAM -> GKQPGPPDSET (in isoform 2). {ECO:0000303|PubMed:14702039}. /FTId=VSP_021178.; VAR_SEQ 193 379 Missing (in isoform 2). {ECO:0000303|PubMed:14702039}. /FTId=VSP_021179.; VAR_SEQ 354 379 Missing (in isoform 3). {ECO:0000303|PubMed:14702039}. /FTId=VSP_044835.	Q8N443-1,Q8N443-3,Q8N443-2	Q8N443-3 -> Q8N443-3,Q8N443-2 -> Q8N443-2,Q8N443-1 -> Q8N443-1
P29375	1690	reviewed	ALTERNATIVE PRODUCTS:  Event=Alternative splicing; Named isoforms=2;  Name=1; IsoId=P29375-1; Sequence=Displayed; Name=2; IsoId=P29375-2; Sequence=VSP_035746; 	VAR_SEQ 1623 1690 VDWVQCDGGCDEWFHQVCVGVSPEMAENEDYICINCAKKQGPVSPGPAPPPSFIMSYKLPMEDLKETS -> GVVFVTEEERDKKY (in isoform 2). {ECO:0000303|PubMed:8414517}. /FTId=VSP_035746.	P29375-1	P29375-1 -> P29375-1
P23497	879	reviewed	ALTERNATIVE PRODUCTS:  Event=Alternative splicing; Named isoforms=7;  Name=Sp100-HMG; Synonyms=SP100HMG, SpAlt-HMG; IsoId=P23497-1; Sequence=Displayed; Name=Sp100-A; Synonyms=SP100A, SP100; IsoId=P23497-2; Sequence=VSP_005978, VSP_005979; Note=Major isoform.; Name=Sp100-B; Synonyms=SP100B, SpAlt-212; IsoId=P23497-3; Sequence=VSP_005980, VSP_005981; Name=Sp100-C; Synonyms=SP100C; IsoId=P23497-4; Sequence=VSP_005984; Name=SpAlt-C; IsoId=P23497-5; Sequence=VSP_005982, VSP_005983; Name=6; IsoId=P23497-6; Sequence=VSP_045869, VSP_045870, VSP_005978, VSP_005979; Note=No experimental confirmation available.; Name=7; IsoId=P23497-7; Sequence=VSP_045868, VSP_005978, VSP_005979; Note=No experimental confirmation available.; 	VAR_SEQ 1 36 MAGGGGDLSTRRLNECISPVANEMNHLPAHSHDLQR -> M (in isoform 7). {ECO:0000303|PubMed:14702039}. /FTId=VSP_045868.; VAR_SEQ 11 35 Missing (in isoform 6). {ECO:0000303|PubMed:14702039}. /FTId=VSP_045869.; VAR_SEQ 428 430 Missing (in isoform 6). {ECO:0000303|PubMed:14702039}. /FTId=VSP_045870.; VAR_SEQ 449 472 RFSSSDFSDLSNGEELQETCSSSL -> LKKKKKKKQCHPQPQPQRGLLEQS (in isoform SpAlt-C). {ECO:0000305}. /FTId=VSP_005982.; VAR_SEQ 473 879 Missing (in isoform SpAlt-C). {ECO:0000305}. /FTId=VSP_005983.; VAR_SEQ 478 480 SQP -> KED (in isoform Sp100-A, isoform 6 and isoform 7). {ECO:0000303|PubMed:14702039, ECO:0000303|PubMed:15489334, ECO:0000303|PubMed:2258622}. /FTId=VSP_005978.; VAR_SEQ 481 879 Missing (in isoform Sp100-A, isoform 6 and isoform 7). {ECO:0000303|PubMed:14702039, ECO:0000303|PubMed:15489334, ECO:0000303|PubMed:2258622}. /FTId=VSP_005979.; VAR_SEQ 685 688 RILE -> VMIK (in isoform Sp100-B). {ECO:0000303|PubMed:8695863}. /FTId=VSP_005980.; VAR_SEQ 689 879 Missing (in isoform Sp100-B). {ECO:0000303|PubMed:8695863}. /FTId=VSP_005981.; VAR_SEQ 699 879 EEHKKKNPDASVKFSEFLKKCSETWKTIFAKEKGKFEDMAKADKAHYEREMKTYIPPKGEKKKKFKDPNAPKRPPLAFFLFCSEYRPKIKGEHPGLSIDDVVKKLAGMWNNTAAADKQFYEKKAAKLKEKYKKDIAAYRAKGKPNSAKKRVVKAEKSKKKKEEEEDEEDEQEEENEEDDDK -> PENSNICEVCNKWGRLFCCDTCPRSFHEHCHIPSVEANKNPWSCIFCRIKTIQERCPESQSGHQESEVLMRQMLPEEQLKCEFLLLKVYCDSKSCFFASEPYYNREGSQGPQKPMWLNKVKTSLNEQMYTRVEGFVQDMRLIFHNHKEFYREDKFTRLGIQVQDIFEKNFRNIFAIQETSKNIIMFI (in isoform Sp100-C). {ECO:0000303|PubMed:11313457}. /FTId=VSP_005984.	P23497-6	P23497-6 -> P23497-6
P61244	160	reviewed	ALTERNATIVE PRODUCTS:  Event=Alternative splicing; Named isoforms=6;  Comment=Additional isoforms seem to exist.; Name=1; Synonyms=Long; IsoId=P61244-1, P25912-1; Sequence=Displayed; Name=2; Synonyms=Short; IsoId=P61244-2, P25912-2; Sequence=VSP_002117; Name=3; Synonyms=Delta-Max; IsoId=P61244-3, P25912-3; Sequence=VSP_002118; Note=May be produced at very low levels due to a premature stop codon in the mRNA, leading to nonsense-mediated mRNA decay.; Name=4; IsoId=P61244-4; Sequence=VSP_043183; Name=5; IsoId=P61244-5; Sequence=VSP_043430; Note=No experimental confirmation available.; Name=6; IsoId=P61244-6; Sequence=VSP_047661; Note=No experimental confirmation available.; 	VAR_SEQ 13 21 Missing (in isoform 2). {ECO:0000303|PubMed:14702039, ECO:0000303|PubMed:15489334, ECO:0000303|PubMed:2006410}. /FTId=VSP_002117.; VAR_SEQ 58 160 ASRAQILDKATEYIQYMRRKNHTHQQDIDDLKRQNALLEQQVRALEKARSSAQLQTNYPSSDNSLYTNAKGSTISAFDGGSDSSSESEPEEPQSRKKLRMEAS -> LYFLFWKLCTPVLHRQSLMQKCHTFISSYQVHKKKECKI (in isoform 5). {ECO:0000303|PubMed:15489334}. /FTId=VSP_043430.; VAR_SEQ 58 160 ASRAQILDKATEYIQYMRRKNHTHQQDIDDLKRQNALLEQQVRALEKARSSAQLQTNYPSSDNSLYTNAKGSTISAFDGGSDSSSESEPEEPQSRKKLRMEAS -> GTKMKLTLPPVFPYEHLPFPTVFCHG (in isoform 6). {ECO:0000305}. /FTId=VSP_047661.; VAR_SEQ 99 160 VRALEKARSSAQLQTNYPSSDNSLYTNAKGSTISAFDGGSDSSSESEPEEPQSRKKLRMEAS -> GESES (in isoform 3). {ECO:0000303|PubMed:14702039, ECO:0000303|PubMed:1566084}. /FTId=VSP_002118.; VAR_SEQ 99 160 VRALEKARSSAQLQTNYPSSDNSLYTNAKGSTISAFDGGSDSSSESEPEEPQSRKKLRMEAS -> GEHPSSWGSWPCCAPARSGFGTWACRVRASHGVCAQ (in isoform 4). {ECO:0000303|PubMed:14702039}. /FTId=VSP_043183.	P61244-3	P61244-3 -> P61244-3
O94967	919	reviewed	ALTERNATIVE PRODUCTS:  Event=Alternative splicing; Named isoforms=4;  Name=1; IsoId=O94967-1; Sequence=Displayed; Name=2; IsoId=O94967-2; Sequence=VSP_012093; Note=No experimental confirmation available.; Name=3; IsoId=O94967-3; Sequence=VSP_035045; Name=4; IsoId=O94967-4; Sequence=VSP_046727, VSP_035045; Note=No experimental confirmation available.; 	VAR_SEQ 54 81 Missing (in isoform 2). {ECO:0000303|PubMed:15489334}. /FTId=VSP_012093.; VAR_SEQ 109 109 H -> HVRFLFLK (in isoform 4). {ECO:0000303|Ref.3}. /FTId=VSP_046727.; VAR_SEQ 377 377 R -> RS (in isoform 3 and isoform 4). {ECO:0000303|PubMed:14702039, ECO:0000303|PubMed:15489334, ECO:0000303|Ref.3}. /FTId=VSP_035045.	O94967-4,O94967-3,O94967-2,O94967-1	O94967-1 -> O94967-1,O94967-2 -> O94967-2,O94967-3 -> O94967-3,O94967-4 -> O94967-4
P19075	237	reviewed			P19075	
Q6ZQX7	453	reviewed	ALTERNATIVE PRODUCTS:  Event=Alternative splicing; Named isoforms=4;  Name=1; IsoId=Q6ZQX7-1; Sequence=Displayed; Name=2; IsoId=Q6ZQX7-2; Sequence=VSP_034197, VSP_034198; Note=No experimental confirmation available.; Name=3; IsoId=Q6ZQX7-3; Sequence=VSP_034195; Note=No experimental confirmation available.; Name=4; IsoId=Q6ZQX7-4; Sequence=VSP_034196; Note=No experimental confirmation available.; 	VAR_SEQ 201 220 Missing (in isoform 3). {ECO:0000303|PubMed:15489334}. /FTId=VSP_034195.; VAR_SEQ 236 265 Missing (in isoform 4). {ECO:0000303|PubMed:15489334}. /FTId=VSP_034196.; VAR_SEQ 256 265 Missing (in isoform 2). {ECO:0000303|PubMed:15489334}. /FTId=VSP_034197.; VAR_SEQ 348 367 Missing (in isoform 2). {ECO:0000303|PubMed:15489334}. /FTId=VSP_034198.	Q6ZQX7-4	Q6ZQX7-4 -> Q6ZQX7-4
Q00537	523	reviewed	ALTERNATIVE PRODUCTS:  Event=Alternative splicing; Named isoforms=2;  Name=1; IsoId=Q00537-1; Sequence=Displayed; Name=2; IsoId=Q00537-2; Sequence=VSP_043295; Note=No experimental confirmation available.; 	VAR_SEQ 513 523 HGKNRRQSMLF -> VFVINHFTCRS (in isoform 2). {ECO:0000303|PubMed:14702039}. /FTId=VSP_043295.	Q00537	
Q99504	573	reviewed	ALTERNATIVE PRODUCTS:  Event=Alternative splicing; Named isoforms=5;  Name=1; IsoId=Q99504-1; Sequence=Displayed; Name=2; IsoId=Q99504-2; Sequence=VSP_001493; Note=No experimental confirmation available.; Name=3; IsoId=Q99504-3; Sequence=VSP_054518, VSP_054519; Note=No experimental confirmation available.; Name=4; IsoId=Q99504-4; Sequence=VSP_054530; Note=No experimental confirmation available.; Name=5; IsoId=Q99504-5; Sequence=VSP_054518; Note=No experimental confirmation available.; 	VAR_SEQ 1 126 Missing (in isoform 2). {ECO:0000303|PubMed:9049631}. /FTId=VSP_001493.; VAR_SEQ 1 53 Missing (in isoform 4). {ECO:0000303|PubMed:14702039}. /FTId=VSP_054530.; VAR_SEQ 121 166 Missing (in isoform 3 and isoform 5). {ECO:0000303|PubMed:14702039, ECO:0000303|PubMed:15489334}. /FTId=VSP_054518.; VAR_SEQ 548 572 HNMPFWRITNHGDLVSLHQALELDF -> QLYFLDMEALGCQLEPTALILFIQLSGNLSNYNK (in isoform 3). {ECO:0000303|PubMed:15489334}. /FTId=VSP_054519.	Q99504-3,Q99504-1,Q99504-5,Q99504-4	Q99504-1 -> Q99504-1,Q99504-3 -> Q99504-3,Q99504-4 -> Q99504-4,Q99504-5 -> Q99504-5
Q15762	336	reviewed			Q15762	
Q15760	415	reviewed			Q15760	
Q15761	445	reviewed			Q15761	
Q9H1K0	784	reviewed	ALTERNATIVE PRODUCTS:  Event=Alternative splicing; Named isoforms=2;  Name=1; IsoId=Q9H1K0-1; Sequence=Displayed; Name=2; IsoId=Q9H1K0-2; Sequence=VSP_056003, VSP_056004; Note=No experimental confirmation available.; 	VAR_SEQ 200 208 NKLTSASKE -> KITTLHGES (in isoform 2). {ECO:0000303|PubMed:14702039}. /FTId=VSP_056003.; VAR_SEQ 209 784 Missing (in isoform 2). {ECO:0000303|PubMed:14702039}. /FTId=VSP_056004.	Q9H1K0-1	Q9H1K0-1 -> Q9H1K0-1
Q6UW02	462	reviewed	ALTERNATIVE PRODUCTS:  Event=Alternative splicing; Named isoforms=2;  Name=1; IsoId=Q6UW02-1; Sequence=Displayed; Name=2; IsoId=Q6UW02-2; Sequence=VSP_055585; 	VAR_SEQ 201 251 VWSEIGKGFLDGSLDKNMTRKKQYEDALMQLESVLRNIIKERKGRNFSQHI -> PSCNWSLFKEHHKRTKRKELQSTY (in isoform 2). {ECO:0000303|Ref.1}. /FTId=VSP_055585.	Q6UW02	
Q6UW01	205	reviewed			Q6UW01	
P30405	207	reviewed	ALTERNATIVE PRODUCTS:  Event=Alternative splicing; Named isoforms=2;  Name=1; IsoId=P30405-1; Sequence=Displayed; Name=2; IsoId=P30405-2; Sequence=VSP_056286; 	VAR_SEQ 139 207 VLSMANAGPNTNGSQFFICTIKTDWLDGKHVVFGHVKEGMDVVKKIESFGSKSGRTSKKIVITDCGQLS -> WMASMLCSVTSKRAWTS (in isoform 2). {ECO:0000303|PubMed:14702039, ECO:0000303|PubMed:15489334}. /FTId=VSP_056286.	P30405-1	P30405-1 -> P30405-1
Q15768	340	reviewed			Q15768	
Q2T9J0	566	reviewed	ALTERNATIVE PRODUCTS:  Event=Alternative splicing; Named isoforms=2;  Name=1; IsoId=Q2T9J0-1; Sequence=Displayed; Name=2; IsoId=Q2T9J0-2; Sequence=VSP_025000, VSP_025001; Note=No experimental confirmation available.; 	VAR_SEQ 390 398 SVAIWGRVV -> HNHQQHPGQ (in isoform 2). {ECO:0000303|PubMed:15489334}. /FTId=VSP_025000.; VAR_SEQ 399 566 Missing (in isoform 2). {ECO:0000303|PubMed:15489334}. /FTId=VSP_025001.	Q2T9J0-2	Q2T9J0-2 -> Q2T9J0-2
Q9H553	416	reviewed	ALTERNATIVE PRODUCTS:  Event=Alternative splicing; Named isoforms=2;  Name=1; IsoId=Q9H553-1; Sequence=Displayed; Name=2; IsoId=Q9H553-2; Sequence=VSP_013188, VSP_013189; 	VAR_SEQ 1 91 Missing (in isoform 2). {ECO:0000303|PubMed:12975309, ECO:0000303|PubMed:14702039}. /FTId=VSP_013188.; VAR_SEQ 92 116 VRMVFLALYVLFLADEEFDVVVCDQ -> MPLLKLVHGSPLVFGEKFKLFTL (in isoform 2). {ECO:0000303|PubMed:12975309, ECO:0000303|PubMed:14702039}. /FTId=VSP_013189.	Q9H553-1	Q9H553-1 -> Q9H553-1
O95528	541	reviewed			O95528	
Q8WUF8	416	reviewed	ALTERNATIVE PRODUCTS:  Event=Alternative splicing; Named isoforms=4;  Name=1; IsoId=Q8WUF8-1; Sequence=Displayed; Name=2; IsoId=Q8WUF8-2; Sequence=VSP_031749; Note=No experimental confirmation available.; Name=3; IsoId=Q8WUF8-3; Sequence=VSP_043313; Note=No experimental confirmation available.; Name=4; IsoId=Q8WUF8-4; Sequence=VSP_043313, VSP_043314; Note=No experimental confirmation available.; 	VAR_SEQ 1 46 Missing (in isoform 3 and isoform 4). {ECO:0000303|PubMed:14702039}. /FTId=VSP_043313.; VAR_SEQ 126 189 Missing (in isoform 4). {ECO:0000303|PubMed:14702039}. /FTId=VSP_043314.; VAR_SEQ 263 416 ENGSPEEHAIYVWDHFIAQAAAENVFFVAHSYGGLAFVELMIQREADVKNKVTAVALTDSVHNVWHQEAGKTIREWMRENCCNWVSSSEPLDTSVESMLPDCPRVSAGTDRHELTSWKSFPSIFKFFTEASEAKTSSLKPAVTRRSHRIKHEEL -> VSEITTFLYYFLYLVYILLYVDCFVFLQEY (in isoform 2). {ECO:0000303|PubMed:11230166}. /FTId=VSP_031749.	Q8WUF8	
Q96BT1	292	reviewed			Q96BT1	
Q8WUF5	828	reviewed			Q8WUF5	
Q96BT3	561	reviewed	ALTERNATIVE PRODUCTS:  Event=Alternative splicing; Named isoforms=3;  Name=1; IsoId=Q96BT3-1; Sequence=Displayed; Name=2; IsoId=Q96BT3-2; Sequence=VSP_020457, VSP_020458; Note=No experimental confirmation available.; Name=3; IsoId=Q96BT3-3; Sequence=VSP_020455, VSP_020456; Note=No experimental confirmation available.; 	VAR_SEQ 68 151 SVGRSAHIQASGHLEEQTPRTLLKNILLTAPESSILMPESVVKPVPAPQAVQPSRQESSCGSLELQLPELEPPTTLAPGLLAPG -> VSTQPTDPKGPWLPRGGGLRSSSALEPTLRKSQGRRTDWLLGASPIVCWQIGPYSGQWALGGTDTSDAAEEHPTNCPRIFHPDA (in isoform 3). {ECO:0000303|PubMed:14702039}. /FTId=VSP_020455.; VAR_SEQ 152 561 Missing (in isoform 3). {ECO:0000303|PubMed:14702039}. /FTId=VSP_020456.; VAR_SEQ 289 299 PGKPAQFLAGE -> ECVALVAWSQI (in isoform 2). {ECO:0000303|PubMed:14702039}. /FTId=VSP_020457.; VAR_SEQ 300 561 Missing (in isoform 2). {ECO:0000303|PubMed:14702039}. /FTId=VSP_020458.	Q96BT3	
O95522	483	reviewed			O95522	
O95521	474	reviewed			O95521	
Q02297	640	reviewed	ALTERNATIVE PRODUCTS:  Event=Alternative splicing; Named isoforms=11;  Comment=Additional isoforms seem to exist. Isoforms have been classified as type I NRGs (isoforms with an Ig domain and a glycosylation domain, isoforms 1-8), type II NRGs (isoforms with an Ig domain but no glycosylation domain, isoform 9), type III NRGs (isoforms with a Cys-rich domain, isoform 10) and type IV NRGs (isoforms with additional 5' exons, isoform 11). All these isoforms perform distinct tissue-specific functions.; Name=1; Synonyms=Alpha; IsoId=Q02297-1; Sequence=Displayed; Name=2; Synonyms=Alpha1A; IsoId=Q02297-2; Sequence=VSP_003431; Name=3; Synonyms=Alpha2B; IsoId=Q02297-3; Sequence=VSP_003434, VSP_003435; Name=4; Synonyms=Alpha3; IsoId=Q02297-4; Sequence=VSP_003432, VSP_003433; Name=6; Synonyms=Beta1, Beta1A; IsoId=Q02297-6; Sequence=VSP_003428; Name=7; Synonyms=Beta2; IsoId=Q02297-7; Sequence=VSP_003427; Name=8; Synonyms=Beta3, GGFHFB1; IsoId=Q02297-8; Sequence=VSP_003429, VSP_003430; Name=9; Synonyms=GGF2, GGFHPP2; IsoId=Q02297-9; Sequence=VSP_003425, VSP_003426, VSP_003429, VSP_003430; Name=10; Synonyms=SMDF; IsoId=Q02297-10; Sequence=VSP_037562, VSP_037565, VSP_003429, VSP_003430; Note=Potential internal signal sequence at positions 76-100.; Name=11; Synonyms=Type IV-beta1a; IsoId=Q02297-11; Sequence=VSP_037563, VSP_037564, VSP_003426, VSP_003428; Name=12; IsoId=Q02297-12; Sequence=VSP_003427, VSP_046417; Note=No experimental confirmation available.; 	VAR_SEQ 1 166 Missing (in isoform 10). {ECO:0000303|PubMed:14702039, ECO:0000303|PubMed:15489334, ECO:0000303|PubMed:7782315}. /FTId=VSP_037562.; VAR_SEQ 1 33 MSERKEGRGKGKGKKKERGSGKKPESAAGSQSP -> MRWRRAPRRSGRPGPRAQRPGSAARSSPPLPLLPLLLLLGTAALAPGAAAGNEAAPAGASVCYSSPPSVGSVQELAQRAAVVIEGKVHPQRRQQGALDRKAAAAAGEAGAWGGDREPPAAGPRALGPPAEEPLLAANGTVPSWPTAPVPSAGEPGEEAPYLVKVHQVWAVKAGGLKKDSLLTVRLGTWGHPAFPSCGRLKEDSRYIFFMEPDANSTSRAPAAFRASFPPLETGRNLKKEVSRVLCKRC (in isoform 9). {ECO:0000303|PubMed:8096067}. /FTId=VSP_003425.; VAR_SEQ 1 21 Missing (in isoform 11). {ECO:0000303|PubMed:17565985}. /FTId=VSP_037563.; VAR_SEQ 22 33 KKPESAAGSQSP -> MGKGRAGRVGTT (in isoform 11). {ECO:0000303|PubMed:17565985}. /FTId=VSP_037564.; VAR_SEQ 134 168 EIITGMPASTEGAYVSSESPIRISVSTEGANTSSS -> A (in isoform 9 and isoform 11). {ECO:0000303|PubMed:17565985, ECO:0000303|PubMed:8096067}. /FTId=VSP_003426.; VAR_SEQ 167 167 S -> MEIYSPDMSEVAAERSSSPSTQLSADPSLDGLPAAEDMPEPQTEDGRTPGLVGLAVPCCACLEAERLRGCLNSEKICIVPILACLVSLCLCIAGLKWVFVDKIFEYDSPTHLDPGGLGQDPIISLDATAASAVWVSSEAYTSPVSRAQSESEVQVTVQGDKAVVSFEPSAAPTPKNRIFAFSFLPSTAPSFPSPTRNPEVRTPKSATQPQTTETNLQTAPKL (in isoform 10). {ECO:0000303|PubMed:14702039, ECO:0000303|PubMed:15489334, ECO:0000303|PubMed:7782315}. /FTId=VSP_037565.; VAR_SEQ 213 241 QPGFTGARCTENVPMKVQNQEKAEELYQK -> PNEFTGDRCQNYVMASFYSTSTPFLSLPE (in isoform 8, isoform 9 and isoform 10). {ECO:0000303|PubMed:1350381, ECO:0000303|PubMed:14702039, ECO:0000303|PubMed:15489334, ECO:0000303|PubMed:7509448, ECO:0000303|PubMed:7782315, ECO:0000303|PubMed:8096067}. /FTId=VSP_003429.; VAR_SEQ 213 234 QPGFTGARCTENVPMKVQNQEK -> PNEFTGDRCQNYVMASFYKHLGIEFME (in isoform 6 and isoform 11). {ECO:0000303|PubMed:1350381, ECO:0000303|PubMed:17565985, ECO:0000303|PubMed:7509448}. /FTId=VSP_003428.; VAR_SEQ 213 233 QPGFTGARCTENVPMKVQNQE -> PNEFTGDRCQNYVMASFY (in isoform 7 and isoform 12). {ECO:0000303|PubMed:1350381, ECO:0000303|PubMed:14702039, ECO:0000303|PubMed:7509448}. /FTId=VSP_003427.; VAR_SEQ 234 247 KAEELYQKRVLTIT -> SAQMSLLVIAAKTT (in isoform 4). {ECO:0000303|PubMed:7509448}. /FTId=VSP_003432.; VAR_SEQ 234 234 K -> KHLGIEFIE (in isoform 2). {ECO:0000303|PubMed:7509448}. /FTId=VSP_003431.; VAR_SEQ 242 640 Missing (in isoform 8, isoform 9 and isoform 10). {ECO:0000303|PubMed:1350381, ECO:0000303|PubMed:14702039, ECO:0000303|PubMed:15489334, ECO:0000303|PubMed:7509448, ECO:0000303|PubMed:7782315, ECO:0000303|PubMed:8096067}. /FTId=VSP_003430.; VAR_SEQ 248 640 Missing (in isoform 4). {ECO:0000303|PubMed:7509448}. /FTId=VSP_003433.; VAR_SEQ 424 640 Missing (in isoform 12). {ECO:0000303|PubMed:14702039}. /FTId=VSP_046417.; VAR_SEQ 424 462 YVSAMTTPARMSPVDFHTPSSPKSPPSEMSPPVSSMTVS -> HNLIAELRRNKAHRSKCMQIQLSATHLRSSSIPHLGFIL (in isoform 3). {ECO:0000303|PubMed:7509448}. /FTId=VSP_003434.; VAR_SEQ 463 640 Missing (in isoform 3). {ECO:0000303|PubMed:7509448}. /FTId=VSP_003435.	Q02297	
Q99519	415	reviewed			Q99519	
Q99518	535	reviewed			Q99518	
Q96RU7	358	reviewed			Q96RU7	
Q96J65	1359	reviewed	ALTERNATIVE PRODUCTS:  Event=Alternative splicing; Named isoforms=5;  Name=1; IsoId=Q96J65-1; Sequence=Displayed; Name=2; Synonyms=A, C, D; IsoId=Q96J65-2; Sequence=VSP_021084, VSP_021088, VSP_021092; Note=May be produced at very low levels due to a premature stop codon in the mRNA, leading to nonsense-mediated mRNA decay.; Name=3; Synonyms=B; IsoId=Q96J65-3; Sequence=VSP_021084, VSP_021088, VSP_021090, VSP_021091; Note=May be produced at very low levels due to a premature stop codon in the mRNA, leading to nonsense-mediated mRNA decay.; Name=4; IsoId=Q96J65-4; Sequence=VSP_021084, VSP_021086, VSP_021087; Note=No experimental confirmation available. May be produced at very low levels due to a premature stop codon in the mRNA, leading to nonsense-mediated mRNA decay.; Name=5; IsoId=Q96J65-5; Sequence=VSP_021084, VSP_021085, VSP_021089, VSP_021092; Note=May be produced at very low levels due to a premature stop codon in the mRNA, leading to nonsense-mediated mRNA decay.; 	VAR_SEQ 142 143 VI -> TV (in isoform 2, isoform 3, isoform 4 and isoform 5). {ECO:0000303|PubMed:11688999, ECO:0000303|PubMed:12011458, ECO:0000303|PubMed:15489334}. /FTId=VSP_021084.; VAR_SEQ 220 277 Missing (in isoform 5). {ECO:0000303|PubMed:12011458}. /FTId=VSP_021085.; VAR_SEQ 572 633 YQHTVRVCGLQKDLSNLPYGDLTEIGERGLNLSGGQRQRISLARAVYSDRQLYLLDDPLSAV -> LGSGASTSLGGRGRGLAWPALSTPTVSSTCWTTPCRPWTPTWGSTSLRSALRRRSGERQSSW (in isoform 4). {ECO:0000303|PubMed:15489334}. /FTId=VSP_021086.; VAR_SEQ 634 1359 Missing (in isoform 4). {ECO:0000303|PubMed:15489334}. /FTId=VSP_021087.; VAR_SEQ 734 736 Missing (in isoform 2 and isoform 3). {ECO:0000303|PubMed:11688999}. /FTId=VSP_021088.; VAR_SEQ 737 760 Missing (in isoform 5). {ECO:0000303|PubMed:12011458}. /FTId=VSP_021089.; VAR_SEQ 892 938 ILKSPMSFFDTTPTGRLMNRFSKDMDELDVRLPFHAENFLQQFFMVV -> HFPQRSPGAQEGGECQPVTLVHPHHLLHAGPGHHSRLWQEGELHHLV (in isoform 3). {ECO:0000303|PubMed:11688999}. /FTId=VSP_021090.; VAR_SEQ 939 1359 Missing (in isoform 3). {ECO:0000303|PubMed:11688999}. /FTId=VSP_021091.; VAR_SEQ 1013 1359 Missing (in isoform 2 and isoform 5). {ECO:0000303|PubMed:11688999, ECO:0000303|PubMed:12011458}. /FTId=VSP_021092.	Q96J65	
Q96RU3	617	reviewed	ALTERNATIVE PRODUCTS:  Event=Alternative splicing; Named isoforms=5;  Name=1; IsoId=Q96RU3-1; Sequence=Displayed; Name=2; IsoId=Q96RU3-2; Sequence=VSP_021695, VSP_021696; Name=3; IsoId=Q96RU3-3; Sequence=VSP_021694, VSP_021696; Name=4; IsoId=Q96RU3-4; Sequence=VSP_021693; Name=5; IsoId=Q96RU3-5; Sequence=VSP_021695; Note=No experimental confirmation available.; 	VAR_SEQ 329 394 Missing (in isoform 4). {ECO:0000303|PubMed:15489334}. /FTId=VSP_021693.; VAR_SEQ 330 358 Missing (in isoform 3). {ECO:0000303|PubMed:14702039}. /FTId=VSP_021694.; VAR_SEQ 391 395 Missing (in isoform 2 and isoform 5). {ECO:0000303|PubMed:14702039, ECO:0000303|PubMed:15489334}. /FTId=VSP_021695.; VAR_SEQ 616 617 DS -> GAKTYI (in isoform 2 and isoform 3). {ECO:0000303|PubMed:14702039}. /FTId=VSP_021696.	Q96RU3	
Q96RU2	1077	reviewed	ALTERNATIVE PRODUCTS:  Event=Alternative splicing; Named isoforms=3;  Name=1; IsoId=Q96RU2-1; Sequence=Displayed; Name=2; IsoId=Q96RU2-2; Sequence=VSP_015580; Name=3; IsoId=Q96RU2-3; Sequence=VSP_057359, VSP_057360; Note=No experimental confirmation available.; 	VAR_SEQ 583 583 P -> E (in isoform 3). {ECO:0000303|PubMed:15489334}. /FTId=VSP_057359.; VAR_SEQ 584 1077 Missing (in isoform 3). {ECO:0000303|PubMed:15489334}. /FTId=VSP_057360.; VAR_SEQ 769 800 Missing (in isoform 2). {ECO:0000303|PubMed:10819331}. /FTId=VSP_015580.	Q96RU2	
Q495Z4	193	reviewed			Q495Z4	
Q4VC39	106	reviewed			Q4VC39	
Q8N1B3	248	reviewed	ALTERNATIVE PRODUCTS:  Event=Alternative splicing; Named isoforms=2;  Name=1; IsoId=Q8N1B3-1; Sequence=Displayed; Name=2; IsoId=Q8N1B3-2; Sequence=VSP_034527; Note=No experimental confirmation available.; 	VAR_SEQ 219 238 Missing (in isoform 2). {ECO:0000303|Ref.2}. /FTId=VSP_034527.	Q8N1B3-1	Q8N1B3-1 -> Q8N1B3-1
Q14CB8	494	reviewed	ALTERNATIVE PRODUCTS:  Event=Alternative splicing; Named isoforms=7;  Name=1; IsoId=Q14CB8-1; Sequence=Displayed; Name=2; IsoId=Q14CB8-2; Sequence=VSP_023701; Note=No experimental confirmation available.; Name=3; IsoId=Q14CB8-3; Sequence=VSP_023696; Note=No experimental confirmation available.; Name=4; IsoId=Q14CB8-4; Sequence=VSP_023695; Note=No experimental confirmation available.; Name=5; IsoId=Q14CB8-5; Sequence=VSP_023698, VSP_023699; Note=No experimental confirmation available.; Name=6; IsoId=Q14CB8-6; Sequence=VSP_023697; Note=No experimental confirmation available.; Name=7; IsoId=Q14CB8-7; Sequence=VSP_023700; 	VAR_SEQ 1 382 Missing (in isoform 4). {ECO:0000303|PubMed:12693554}. /FTId=VSP_023695.; VAR_SEQ 1 19 MATEAQSEGEVPARESGRS -> MPHQKLSALI (in isoform 3). {ECO:0000303|PubMed:14702039}. /FTId=VSP_023696.; VAR_SEQ 281 309 Missing (in isoform 6). {ECO:0000303|PubMed:15489334}. /FTId=VSP_023697.; VAR_SEQ 281 301 VTANDLQENITKLNSGMAFMI -> GLVLLPTLEESNTITTHCSLI (in isoform 5). {ECO:0000303|PubMed:12693554}. /FTId=VSP_023698.; VAR_SEQ 302 494 Missing (in isoform 5). {ECO:0000303|PubMed:12693554}. /FTId=VSP_023699.; VAR_SEQ 332 346 Missing (in isoform 7). {ECO:0000305}. /FTId=VSP_023700.; VAR_SEQ 493 494 FL -> NSMATTSLGSIRMTLRGSSSCGCCS (in isoform 2). {ECO:0000303|PubMed:17454002}. /FTId=VSP_023701.	Q14CB8-1,Q14CB8-3,Q14CB8-6	Q14CB8-3 -> Q14CB8-3,Q14CB8-1 -> Q14CB8-1,Q14CB8-6 -> Q14CB8-6
Q96RU8	372	reviewed	ALTERNATIVE PRODUCTS:  Event=Alternative splicing; Named isoforms=2;  Name=1; IsoId=Q96RU8-1; Sequence=Displayed; Name=2; IsoId=Q96RU8-2; Sequence=VSP_054894; Note=No experimental confirmation available.; 	VAR_SEQ 1 166 Missing (in isoform 2). {ECO:0000303|PubMed:14702039}. /FTId=VSP_054894.	Q96RU8	
Q6NUT3	480	reviewed	ALTERNATIVE PRODUCTS:  Event=Alternative splicing; Named isoforms=4;  Name=1; IsoId=Q6NUT3-1; Sequence=Displayed; Name=2; IsoId=Q6NUT3-2; Sequence=VSP_022779; Name=3; IsoId=Q6NUT3-3; Sequence=VSP_047665; Note=No experimental confirmation available.; Name=4; IsoId=Q6NUT3-4; Sequence=VSP_047666; Note=No experimental confirmation available.; 	VAR_SEQ 92 100 Missing (in isoform 2). {ECO:0000303|PubMed:15489334}. /FTId=VSP_022779.; VAR_SEQ 474 480 WDRDARP -> SFLAWRRGRGEDKGPGYSWIPTVLVQPPRPTSPFLWEAPLAWRCTRKKWSGAGTKPWPREDWGTH (in isoform 3). {ECO:0000305}. /FTId=VSP_047665.; VAR_SEQ 474 480 Missing (in isoform 4). {ECO:0000305}. /FTId=VSP_047666.	Q6NUT3-2	Q6NUT3-2 -> Q6NUT3-2
Q5GAN6	216	reviewed	ALTERNATIVE PRODUCTS:  Event=Alternative splicing; Named isoforms=2;  Name=1; IsoId=Q5GAN6-1; Sequence=Displayed; Name=2; IsoId=Q5GAN6-2; Sequence=VSP_053579; 	VAR_SEQ 1 1 M -> MWGAPLPRRPVWDVRSASAGPQPCLGGKM (in isoform 2). {ECO:0000303|PubMed:14702039}. /FTId=VSP_053579.	Q5GAN6-1,Q5GAN6-2	Q5GAN6-2 -> Q5GAN6-2,Q5GAN6-1 -> Q5GAN6-1
Q13454	348	reviewed	ALTERNATIVE PRODUCTS:  Event=Alternative splicing; Named isoforms=2;  Name=1; IsoId=Q13454-1; Sequence=Displayed; Name=2; IsoId=Q13454-2; Sequence=VSP_003776; 	VAR_SEQ 344 348 DLDFE -> FLIK (in isoform 2). {ECO:0000303|PubMed:15489334, ECO:0000303|PubMed:8661104}. /FTId=VSP_003776.	Q13454-2,Q13454-1	Q13454-2 -> Q13454-2,Q13454-1 -> Q13454-1
P34820	402	reviewed	ALTERNATIVE PRODUCTS:  Event=Alternative splicing; Named isoforms=2;  Name=1; IsoId=P34820-1; Sequence=Displayed; Name=2; IsoId=P34820-2; Sequence=VSP_056842, VSP_056843; Note=No experimental confirmation available. {ECO:0000305}; 	VAR_SEQ 226 253 HSVDPGLAGLLGQRAPRSQQPFVVTFFR -> ETWTGWGWTKDSRLQMWKLRLSRTPWVLSLHAPGPAQAPAERPLLCLLQGHCP (in isoform 2). {ECO:0000303|PubMed:15489334}. /FTId=VSP_056842.; VAR_SEQ 317 402 DWVIAPQGYSAYYCEGECSFPLDSCMNATNHAILQSLVHLMMPDAVPKACCAPTKLSATSVLYYDSSNNVILRKHRNMVVKACGCH -> VIADSSCF (in isoform 2). {ECO:0000303|PubMed:15489334}. /FTId=VSP_056843.	P34820-1	P34820-1 -> P34820-1
P17030	456	reviewed	ALTERNATIVE PRODUCTS:  Event=Alternative splicing; Named isoforms=2;  Name=1; IsoId=P17030-1; Sequence=Displayed; Name=2; IsoId=P17030-2; Sequence=VSP_007846, VSP_007847; Note=No experimental confirmation available.; 	VAR_SEQ 1 94 Missing (in isoform 2). {ECO:0000303|PubMed:17974005}. /FTId=VSP_007846.; VAR_SEQ 95 99 SQAGN -> MWNFL (in isoform 2). {ECO:0000303|PubMed:17974005}. /FTId=VSP_007847.	P17030-1	P17030-1 -> P17030-1
Q9Y5A7	615	reviewed	ALTERNATIVE PRODUCTS:  Event=Alternative splicing; Named isoforms=2;  Name=1; Synonyms=NUB1L; IsoId=Q9Y5A7-1; Sequence=Displayed; Name=2; IsoId=Q9Y5A7-2; Sequence=VSP_008335; 	VAR_SEQ 452 465 Missing (in isoform 2). {ECO:0000303|PubMed:10508479, ECO:0000303|PubMed:11259415, ECO:0000303|PubMed:12816948, ECO:0000303|PubMed:15489334}. /FTId=VSP_008335.	Q9Y5A7	
Q7Z2W4	902	reviewed	ALTERNATIVE PRODUCTS:  Event=Alternative splicing; Named isoforms=5;  Name=1; Synonyms=ZAPL; IsoId=Q7Z2W4-1; Sequence=Displayed; Name=2; Synonyms=ZAPS {ECO:0000303|PubMed:21102435}; IsoId=Q7Z2W4-2; Sequence=VSP_010269; Note=No experimental confirmation available.; Name=3; IsoId=Q7Z2W4-3; Sequence=VSP_010270, VSP_010271; Note=No experimental confirmation available. {ECO:0000244|PubMed:20068231}; Name=4; IsoId=Q7Z2W4-4; Sequence=VSP_010268; Note=No experimental confirmation available.; Name=5; IsoId=Q7Z2W4-5; Sequence=VSP_010268, VSP_010269; Note=No experimental confirmation available.; 	VAR_SEQ 1 539 Missing (in isoform 4 and isoform 5). {ECO:0000303|PubMed:14702039, ECO:0000303|Ref.1}. /FTId=VSP_010268.; VAR_SEQ 491 624 DSLSDVTSTTSSRVDDHDSEEICLDHLCKGCPLNGSCSKVHFHLPYRWQMLIGKTWTDFEHMETIEKGYCNPGIHLCSVGSYTINFRVMSCDSFPIRRLSTPSSVTKPANSVFTTKWIWYWKNESGTWIQYGEE -> GKYKGKTLWASTFVHDIPNGSSQVVDKTTDVEKTGATGFGLTMAVKAEKDMLCTGSQSLRNLVPTTPGESTAPAQVSTLPQSPAALSSSNRAAVWGAQGQNCTQVPVSSASELTRKTTGSAQCKSLKDKGASVS (in isoform 3). {ECO:0000303|PubMed:14702039}. /FTId=VSP_010270.; VAR_SEQ 625 902 Missing (in isoform 3). {ECO:0000303|PubMed:14702039}. /FTId=VSP_010271.; VAR_SEQ 699 902 DHQPAKTSSVSLTATFRPQEDFCFLSSKKYKLSEIHHLHPEYVRVSEHFKASMKNFKIEKIKKIENSELLDKFTWKKSQMKEEGKLLFYATSRAYVESICSNNFDSFLHETHENKYGKGIYFAKDAIYSHKNCPYDAKNVVMFVAQVLVGKFTEGNITYTSPPPQFDSCVDTRSNPSVFVIFQKDQVYPQYVIEYTEDKACVIS -> E (in isoform 2 and isoform 5). {ECO:0000303|PubMed:15489334, ECO:0000303|Ref.1}. /FTId=VSP_010269.	Q7Z2W4-2,Q7Z2W4-1	Q7Z2W4-2 -> Q7Z2W4-2,Q7Z2W4-1 -> Q7Z2W4-1
P20396	242	reviewed			P20396	
Q13643	280	reviewed			Q13643	
Q13642	323	reviewed	ALTERNATIVE PRODUCTS:  Event=Alternative splicing; Named isoforms=5;  Name=2; Synonyms=FHL1B, SLIMMER; IsoId=Q13642-2; Sequence=Displayed; Name=1; Synonyms=FHL1, FHL1A, SLIM1; IsoId=Q13642-1; Sequence=VSP_010694; Name=3; Synonyms=FHL1C; IsoId=Q13642-3; Sequence=VSP_010693; Name=4; IsoId=Q13642-4; Sequence=VSP_043162, VSP_010694; Note=No experimental confirmation available.; Name=5; IsoId=Q13642-5; Sequence=VSP_043404, VSP_010694; Note=No experimental confirmation available.; 	VAR_SEQ 1 1 M -> MTFYVASLALELIWMLSSPAGPSSYKVGTM (in isoform 4). {ECO:0000303|PubMed:14702039}. /FTId=VSP_043162.; VAR_SEQ 1 1 M -> MASHRHSGPSSYKVGTM (in isoform 5). {ECO:0000303|PubMed:14702039}. /FTId=VSP_043404.; VAR_SEQ 168 296 Missing (in isoform 3). {ECO:0000303|PubMed:11400158}. /FTId=VSP_010693.; VAR_SEQ 231 323 KRTVSRVSHPVSKARKPPVCHGKRLPLTLFPSANLRGRHPGGERTCPSWVVVLYRKNRSLAAPRGPGLVKAPVWWPMKDNPGTTTASTAKNAP -> FGKGSSVVAYEGQSWHDYCFHCKKCSVNLANKRFVFHQEQVYCPDCAKKL (in isoform 1, isoform 4 and isoform 5). {ECO:0000303|PubMed:14702039, ECO:0000303|PubMed:15489334, ECO:0000303|PubMed:7626119, ECO:0000303|PubMed:8753811, ECO:0000303|PubMed:9714789, ECO:0000303|Ref.9}. /FTId=VSP_010694.	Q13642	
Q13641	420	reviewed			Q13641	
Q9Y5A9	579	reviewed	ALTERNATIVE PRODUCTS:  Event=Alternative splicing; Named isoforms=2;  Name=1; IsoId=Q9Y5A9-1; Sequence=Displayed; Name=2; IsoId=Q9Y5A9-2; Sequence=VSP_009297; Note=May be due to intron retention. No experimental confirmation available.; 	VAR_SEQ 1 50 Missing (in isoform 2). {ECO:0000303|PubMed:14702039, ECO:0000303|Ref.3}. /FTId=VSP_009297.	Q9Y5A9	
Q96AT9	228	reviewed	ALTERNATIVE PRODUCTS:  Event=Alternative splicing; Named isoforms=5;  Name=1; IsoId=Q96AT9-1; Sequence=Displayed; Name=2; IsoId=Q96AT9-2; Sequence=VSP_008317, VSP_008318; Note=No experimental confirmation available.; Name=3; IsoId=Q96AT9-3; Sequence=VSP_047117, VSP_008318; Note=Gene prediction based on EST data.; Name=4; IsoId=Q96AT9-4; Sequence=VSP_055265; Note=No experimental confirmation available.; Name=5; IsoId=Q96AT9-5; Sequence=VSP_047117; Note=Gene prediction based on EST data.; 	VAR_SEQ 1 68 Missing (in isoform 3 and isoform 5). {ECO:0000305}. /FTId=VSP_047117.; VAR_SEQ 43 68 Missing (in isoform 2). {ECO:0000303|PubMed:14702039}. /FTId=VSP_008317.; VAR_SEQ 114 114 K -> KSCSVTQAEVQWHSQGPLQ (in isoform 2 and isoform 3). {ECO:0000303|PubMed:14702039}. /FTId=VSP_008318.; VAR_SEQ 160 188 Missing (in isoform 4). {ECO:0000303|PubMed:14702039}. /FTId=VSP_055265.	Q96AT9-1	Q96AT9-1 -> Q96AT9-1
Q02127	395	reviewed			Q02127	
Q69YH5	1023	reviewed	ALTERNATIVE PRODUCTS:  Event=Alternative splicing; Named isoforms=2;  Name=1; IsoId=Q69YH5-1; Sequence=Displayed; Name=2; IsoId=Q69YH5-2; Sequence=VSP_025598, VSP_025599; Note=No experimental confirmation available.; 	VAR_SEQ 68 68 T -> N (in isoform 2). {ECO:0000303|PubMed:15489334}. /FTId=VSP_025598.; VAR_SEQ 69 1023 Missing (in isoform 2). {ECO:0000303|PubMed:15489334}. /FTId=VSP_025599.	Q69YH5-1	Q69YH5-1 -> Q69YH5-1
Q86WT6	500	reviewed	ALTERNATIVE PRODUCTS:  Event=Alternative splicing; Named isoforms=4;  Name=1; IsoId=Q86WT6-1; Sequence=Displayed; Name=2; IsoId=Q86WT6-2; Sequence=VSP_023201; Name=3; Synonyms=Trimless alpha; IsoId=Q86WT6-3; Sequence=VSP_023200; Name=4; Synonyms=Trimless beta; IsoId=Q86WT6-4; Sequence=VSP_023200, VSP_023202; 	VAR_SEQ 1 204 Missing (in isoform 3 and isoform 4). {ECO:0000303|Ref.1}. /FTId=VSP_023200.; VAR_SEQ 3 161 Missing (in isoform 2). {ECO:0000303|PubMed:15489334}. /FTId=VSP_023201.; VAR_SEQ 255 271 Missing (in isoform 4). {ECO:0000303|Ref.1}. /FTId=VSP_023202.	Q86WT6-4	Q86WT6-4 -> Q86WT6-4
A0PJE2	317	reviewed	ALTERNATIVE PRODUCTS:  Event=Alternative splicing; Named isoforms=3;  Name=1; IsoId=A0PJE2-1; Sequence=Displayed; Name=2; IsoId=A0PJE2-2; Sequence=VSP_029724, VSP_029726, VSP_029727; Name=3; IsoId=A0PJE2-3; Sequence=VSP_029724, VSP_029725; 	VAR_SEQ 1 91 MSLYRSVVWFAKGLREYTKSGYESACKDFVPHDLEVQIPGRVFLVTGGNSGIGKATALEIAKRGGTVHLVCRDQAPAEDARGEIIRESGNQ -> MNLHVKTLSLMTWRSRFLEESFWSLEETAALAKQLPLKSPSE (in isoform 2 and isoform 3). {ECO:0000303|PubMed:14702039, ECO:0000303|PubMed:15489334}. /FTId=VSP_029724.; VAR_SEQ 236 317 GVRQAMPGFHARFGDRLRSEAQGADTMLWLALSSAAAAQPSGRFFQDRKPVSTHLPLATASSSPAEEEKLIEILEQLAQTFK -> DRNEQELRKVVGEAQTASPLPRFLEIMMHEGKCQPQGHSSNDLEACWSSGGGEQNSLPDWPHQLHDLRQLTWALCSSFLLYKQGN (in isoform 3). {ECO:0000303|PubMed:15489334}. /FTId=VSP_029725.; VAR_SEQ 282 296 DRKPVSTHLPLATAS -> GDFLPGCEGS (in isoform 2). {ECO:0000303|PubMed:14702039}. /FTId=VSP_029726.; VAR_SEQ 297 317 Missing (in isoform 2). {ECO:0000303|PubMed:14702039}. /FTId=VSP_029727.	A0PJE2-3,A0PJE2-2,A0PJE2-1	A0PJE2-3 -> A0PJE2-3,A0PJE2-1 -> A0PJE2-1,A0PJE2-2 -> A0PJE2-2
A6NH00	312	reviewed			A6NH00	
Q96CN9	775	reviewed			Q96CN9	
Q9NZM1	2061	reviewed	ALTERNATIVE PRODUCTS:  Event=Alternative splicing; Named isoforms=8;  Name=1; IsoId=Q9NZM1-1; Sequence=Displayed; Name=2; IsoId=Q9NZM1-2; Sequence=VSP_001515; Name=3; IsoId=Q9NZM1-3; Sequence=VSP_001516, VSP_001517; Name=4; IsoId=Q9NZM1-4; Sequence=VSP_023797, VSP_023798; Name=5; IsoId=Q9NZM1-5; Sequence=VSP_023802; Name=6; IsoId=Q9NZM1-6; Sequence=VSP_023801; Note=No experimental confirmation available.; Name=7; IsoId=Q9NZM1-7; Sequence=VSP_023800; Note=No experimental confirmation available.; Name=8; IsoId=Q9NZM1-8; Sequence=VSP_023796, VSP_023799; Note=No experimental confirmation available.; 	VAR_SEQ 1 87 MLRVIVESASNIPKTKFGKPDPIVSVIFKDEKKKTKKVDNELNPVWNEILEFDLRGIPLDFSSSLGIIVKDFETIGQNKLIGTATVA -> MRPPKEGSGSNICCSAIFAVLQPPLVISRQTRSGMDLQQTPTDLQ (in isoform 2). {ECO:0000303|PubMed:10607832}. /FTId=VSP_001515.; VAR_SEQ 1 29 MLRVIVESASNIPKTKFGKPDPIVSVIFK -> MIPPNSPPNRT (in isoform 8). {ECO:0000303|PubMed:15489334}. /FTId=VSP_023796.; VAR_SEQ 146 160 DGEEDEGDEDRLDNA -> KLTLLKAQPPPGGGC (in isoform 4). {ECO:0000305}. /FTId=VSP_023797.; VAR_SEQ 161 2061 Missing (in isoform 4). {ECO:0000305}. /FTId=VSP_023798.; VAR_SEQ 438 2061 Missing (in isoform 8). {ECO:0000303|PubMed:15489334}. /FTId=VSP_023799.; VAR_SEQ 446 2061 Missing (in isoform 7). {ECO:0000305}. /FTId=VSP_023800.; VAR_SEQ 473 485 Missing (in isoform 6). {ECO:0000303|PubMed:10995573}. /FTId=VSP_023801.; VAR_SEQ 1224 1707 Missing (in isoform 5). {ECO:0000303|PubMed:15489334}. /FTId=VSP_023802.; VAR_SEQ 1442 1442 K -> KCLSSMSTALSKMASPATVH (in isoform 3). {ECO:0000303|PubMed:17974005}. /FTId=VSP_001516.; VAR_SEQ 1757 1787 QGKLQMWVDVFPKSLGPPGPPFNITPRKAKK -> R (in isoform 3). {ECO:0000303|PubMed:17974005}. /FTId=VSP_001517.	Q9NZM1-7,Q9NZM1-6,Q9NZM1-4,Q9NZM1-1	Q9NZM1-6 -> Q9NZM1-6,Q9NZM1-7 -> Q9NZM1-7,Q9NZM1-1 -> Q9NZM1-1,Q9NZM1-4 -> Q9NZM1-4
Q6ZRV2	1179	reviewed			Q6ZRV2	
Q96CN7	298	reviewed			Q96CN7	
Q7Z3T1	314	reviewed			Q7Z3T1	
Q96CN5	670	reviewed			Q96CN5	
Q96CN4	794	reviewed	ALTERNATIVE PRODUCTS:  Event=Alternative splicing; Named isoforms=2;  Name=1; IsoId=Q96CN4-1; Sequence=Displayed; Name=2; IsoId=Q96CN4-2; Sequence=VSP_043456; Note=No experimental confirmation available.; 	VAR_SEQ 400 400 K -> KESAALADRLIQ (in isoform 2). {ECO:0000303|PubMed:19077034}. /FTId=VSP_043456.	Q96CN4	
P40198	252	reviewed	ALTERNATIVE PRODUCTS:  Event=Alternative splicing; Named isoforms=3;  Name=1; Synonyms=CGM1A; IsoId=P40198-1; Sequence=Displayed; Name=2; Synonyms=CGM1B; IsoId=P40198-2; Sequence=VSP_002486; Name=3; Synonyms=CGM1C; IsoId=P40198-3; Sequence=VSP_002487; 	VAR_SEQ 142 252 QENAPGLPVGAVAGIVTGVLVGVALVAALVCFLLLAKTGRTSIQRDLKEQQPQALAPGRGPSHSSAFSMSPLSTAQAPLPNPRTAASIYEELLKHDTNIYCRMDHKAEVAS -> PELPKPSISSNNSNPKEDKDAVAFTCEPEIHSTTCL (in isoform 2). {ECO:0000303|PubMed:2050678}. /FTId=VSP_002486.; VAR_SEQ 182 252 TSIQRDLKEQQPQALAPGRGPSHSSAFSMSPLSTAQAPLPNPRTAASIYEELLKHDTNIYCRMDHKAEVAS -> PWSLPQLCLLDVPSLHCPGPPTQPQDSSFHL (in isoform 3). {ECO:0000303|PubMed:8508798}. /FTId=VSP_002487.	P40198-1,P40198-3	P40198-3 -> P40198-3,P40198-1 -> P40198-1
P10645	457	reviewed			P10645	
P10644	381	reviewed	ALTERNATIVE PRODUCTS:  Event=Alternative splicing; Named isoforms=2;  Name=1; IsoId=P10644-1; Sequence=Displayed; Name=2; IsoId=P10644-2; Sequence=VSP_054833, VSP_054834; Note=No experimental confirmation available. Gene prediction based on EST data.; 	VAR_SEQ 326 337 EIALLMNRPRAA -> HLIISRRSIPLG (in isoform 2). {ECO:0000305}. /FTId=VSP_054833.; VAR_SEQ 338 381 Missing (in isoform 2). {ECO:0000305}. /FTId=VSP_054834.	P10644	
P48556	350	reviewed			P48556	
P10909	449	reviewed	ALTERNATIVE PRODUCTS:  Event=Alternative splicing; Named isoforms=6;  Name=1; Synonyms=2, CLU35, sCLU; IsoId=P10909-1; Sequence=Displayed; Note=Major isoform. Major isoform. Detectable at protein level in stressed and unstressed cells (Ref.3). {ECO:0000269|PubMed:24073260}; Name=2; Synonyms=1, CLU34; IsoId=P10909-2; Sequence=VSP_037661; Name=3; IsoId=P10909-3; Sequence=VSP_041475; Name=4; Synonyms=nCLU {ECO:0000303|PubMed:12551933}; IsoId=P10909-4; Sequence=VSP_041476; Note=Minor isoform that has been detected in a breast cancer cell line, but not in any other tissues or cell lines (Ref.29). Not glycosylated. Not detected in unstressed cells. Detectable at low level in stressed cells (Ref.3). {ECO:0000269|PubMed:24073260, ECO:0000303|PubMed:12551933}; Name=5; Synonyms=CLU36; IsoId=P10909-5; Sequence=VSP_041477; Name=6; IsoId=P10909-6; Sequence=VSP_060188, VSP_060192; Note=Translated from an unconventional translation initiation site CTG (Ref.3). Not glycosylated (Ref.3). Not detected in unstressed cells. Detectable at low level in stressed cells (Ref.3). {ECO:0000269|PubMed:24073260}; 	VAR_SEQ 1 175 Missing (in isoform 3). {ECO:0000303|PubMed:14702039}. /FTId=VSP_041475.; VAR_SEQ 1 33 Missing (in isoform 4). {ECO:0000305}. /FTId=VSP_041476.; VAR_SEQ 1 20 Missing (in isoform 6). /FTId=VSP_060188.; VAR_SEQ 1 1 M -> MQVCSQPQRGCVREQSAINTAPPSAHNAASPGGARGHRVPLTEACKDSRIGGM (in isoform 2). {ECO:0000303|PubMed:17974005, ECO:0000303|PubMed:2780565, ECO:0000303|Ref.5}. /FTId=VSP_037661.; VAR_SEQ 1 1 M -> MEACKDSRIGGM (in isoform 5). {ECO:0000303|PubMed:15489334}. /FTId=VSP_041477.; VAR_SEQ 21 21 L -> M (in isoform 6). /FTId=VSP_060192.	P10909-1	P10909-1 -> P10909-1
P48551	515	reviewed	ALTERNATIVE PRODUCTS:  Event=Alternative splicing; Named isoforms=3;  Name=1; Synonyms=Long form beta {ECO:0000303|PubMed:7665574}, IFNaR2-2, IFNaR2-1b; IsoId=P48551-1; Sequence=Displayed; Name=2; Synonyms=Short form beta {ECO:0000303|PubMed:7665574}, IFNaR2-1, IFNaR2-1a; IsoId=P48551-2; Sequence=VSP_001738, VSP_001739; Name=3; Synonyms=IFNaR2-3, IFNaR2-2a, P40 {ECO:0000303|PubMed:8181059}; IsoId=P48551-3; Sequence=VSP_001736, VSP_001737; Note=Soluble receptor.; 	VAR_SEQ 238 239 SA -> FS (in isoform 3). {ECO:0000303|PubMed:7588638, ECO:0000303|PubMed:7759950}. /FTId=VSP_001736.; VAR_SEQ 240 515 Missing (in isoform 3). {ECO:0000303|PubMed:7588638, ECO:0000303|PubMed:7759950}. /FTId=VSP_001737.; VAR_SEQ 281 331 NFHNFLAWPFPNLPPLEAMDMVEVIYINRKKKVWDYNYDDESDSDTEAAPR -> RQGLAKGWNAVAIHRCSHNALQSETPELKQSSCLSFPSSWDYKRASLCPSD (in isoform 2). {ECO:0000303|PubMed:7588638, ECO:0000303|PubMed:8181059, ECO:0000303|Ref.8}. /FTId=VSP_001738.; VAR_SEQ 332 515 Missing (in isoform 2). {ECO:0000303|PubMed:7588638, ECO:0000303|PubMed:8181059, ECO:0000303|Ref.8}. /FTId=VSP_001739.	P48551	
P10643	843	reviewed			P10643	
Q16630	551	reviewed	ALTERNATIVE PRODUCTS:  Event=Alternative splicing; Named isoforms=3;  Name=1; IsoId=Q16630-1; Sequence=Displayed; Name=2; IsoId=Q16630-2; Sequence=VSP_017192; Name=3; IsoId=Q16630-3; Sequence=VSP_017191; 	VAR_SEQ 188 260 Missing (in isoform 3). {ECO:0000303|PubMed:15489334}. /FTId=VSP_017191.; VAR_SEQ 231 231 P -> PGNLIKHLVKGTRPLFLETRIPWHMGHSIEEIPIFGLK (in isoform 2). {ECO:0000303|PubMed:15489334}. /FTId=VSP_017192.	Q16630-1	Q16630-1 -> Q16630-1
A6NFD8	242	reviewed	ALTERNATIVE PRODUCTS:  Event=Alternative splicing; Named isoforms=2;  Name=1; IsoId=A6NFD8-3; Sequence=Displayed; Note=No experimental confirmation available.; Name=2; IsoId=A6NFD8-4; Sequence=VSP_056737; Note=No experimental confirmation available.; 	VAR_SEQ 77 77 Missing (in isoform 2). {ECO:0000303|PubMed:15489334}. /FTId=VSP_056737.	A6NFD8-3	A6NFD8-3 -> A6NFD8-3
Q5T6X4	162	reviewed			Q5T6X4	
Q14CS0	331	reviewed			Q14CS0	
P36575	388	reviewed	ALTERNATIVE PRODUCTS:  Event=Alternative splicing; Named isoforms=2;  Name=1; IsoId=P36575-1; Sequence=Displayed; Name=2; IsoId=P36575-2; Sequence=VSP_017495; 	VAR_SEQ 359 388 SSEDIVIEEFTRKGEEESQKAVEAEGDEGS -> R (in isoform 2). {ECO:0000303|PubMed:15489334}. /FTId=VSP_017495.	P36575-2,P36575-1	P36575-1 -> P36575-1,P36575-2 -> P36575-2
A8MZ59	168	reviewed			A8MZ59	
Q9P2D6	1515	reviewed	ALTERNATIVE PRODUCTS:  Event=Alternative splicing; Named isoforms=4;  Name=1; IsoId=Q9P2D6-1; Sequence=Displayed; Name=2; IsoId=Q9P2D6-2; Sequence=VSP_030227; Name=3; IsoId=Q9P2D6-3; Sequence=VSP_030225, VSP_030226, VSP_030227; Name=4; IsoId=Q9P2D6-4; Sequence=VSP_030230; Note=No experimental confirmation available.; 	VAR_SEQ 27 69 Missing (in isoform 3). {ECO:0000303|PubMed:14702039, ECO:0000303|PubMed:17974005}. /FTId=VSP_030225.; VAR_SEQ 273 273 E -> ELAKANMQLLYERLLRRKQLRTQKDNH (in isoform 3). {ECO:0000303|PubMed:14702039, ECO:0000303|PubMed:17974005}. /FTId=VSP_030226.; VAR_SEQ 420 615 Missing (in isoform 2 and isoform 3). {ECO:0000303|PubMed:14702039, ECO:0000303|PubMed:15489334, ECO:0000303|PubMed:17974005}. /FTId=VSP_030227.; VAR_SEQ 1449 1515 QIYSEMIHNLLRPVLQSKDCNLVRYNVINALPNTADSLIGRAAHIAVLDSEIFLEKFFLVAALKYFQ -> NGIKLFQRVIGINELFPKFFL (in isoform 4). {ECO:0000303|PubMed:14702039}. /FTId=VSP_030230.	Q9P2D6-1,Q9P2D6-3,Q9P2D6-2	Q9P2D6-3 -> Q9P2D6-3,Q9P2D6-1 -> Q9P2D6-1,Q9P2D6-2 -> Q9P2D6-2
P16520	340	reviewed	ALTERNATIVE PRODUCTS:  Event=Alternative splicing; Named isoforms=2;  Name=1; IsoId=P16520-1; Sequence=Displayed; Name=2; IsoId=P16520-2; Sequence=VSP_055233; Note=No experimental confirmation available.; 	VAR_SEQ 236 278 Missing (in isoform 2). {ECO:0000303|PubMed:15489334}. /FTId=VSP_055233.	P16520	
Q8NCJ5	442	reviewed			Q8NCJ5	
Q9NVQ4	179	reviewed	ALTERNATIVE PRODUCTS:  Event=Alternative splicing; Named isoforms=3;  Name=1; Synonyms=FAIM-S; IsoId=Q9NVQ4-1; Sequence=Displayed; Name=2; IsoId=Q9NVQ4-2; Sequence=VSP_008991; Name=3; Synonyms=FAIM-L; IsoId=Q9NVQ4-3; Sequence=VSP_038095; 	VAR_SEQ 1 1 M -> MLLPFIRTLPLLCYNHLLVSPDSATLSPPYSLEKM (in isoform 2). {ECO:0000303|PubMed:14702039}. /FTId=VSP_008991.; VAR_SEQ 1 1 M -> MASGDDSPIFEDDESPPYSLEKM (in isoform 3). {ECO:0000303|PubMed:12107411}. /FTId=VSP_038095.	Q9NVQ4-2,Q9NVQ4-3	Q9NVQ4-3 -> Q9NVQ4-3,Q9NVQ4-2 -> Q9NVQ4-2
Q9Y294	204	reviewed			Q9Y294	
Q9Y295	367	reviewed			Q9Y295	
Q9BR09	285	reviewed			Q9BR09	
Q9H2Y9	848	reviewed	ALTERNATIVE PRODUCTS:  Event=Alternative splicing; Named isoforms=3;  Name=1; IsoId=Q9H2Y9-1; Sequence=Displayed; Name=2; IsoId=Q9H2Y9-2; Sequence=VSP_045498; Note=No experimental confirmation available.; Name=3; IsoId=Q9H2Y9-3; Sequence=VSP_045499, VSP_045500; Note=No experimental confirmation available.; 	VAR_SEQ 420 474 Missing (in isoform 2). {ECO:0000303|PubMed:15489334}. /FTId=VSP_045498.; VAR_SEQ 675 687 RSVEDEERPFALG -> SIHSYSNLLWSSH (in isoform 3). {ECO:0000303|PubMed:14702039}. /FTId=VSP_045499.; VAR_SEQ 688 848 Missing (in isoform 3). {ECO:0000303|PubMed:14702039}. /FTId=VSP_045500.	Q9H2Y9-1,Q9H2Y9-3	Q9H2Y9-3 -> Q9H2Y9-3,Q9H2Y9-1 -> Q9H2Y9-1
O43196	834	reviewed	ALTERNATIVE PRODUCTS:  Event=Alternative splicing; Named isoforms=4;  Name=1; IsoId=O43196-1; Sequence=Displayed; Name=2; IsoId=O43196-2; Sequence=VSP_017114; Name=3; IsoId=O43196-3; Sequence=VSP_017113; Note=No experimental confirmation available.; Name=4; IsoId=O43196-4; Sequence=VSP_017113, VSP_017114, VSP_017115; Note=No experimental confirmation available.; 	VAR_SEQ 179 179 T -> TPPGDLRFTPIPLLIPSQ (in isoform 3 and isoform 4). {ECO:0000303|PubMed:15489334}. /FTId=VSP_017113.; VAR_SEQ 654 654 Q -> QQ (in isoform 2 and isoform 4). {ECO:0000303|PubMed:15489334, ECO:0000303|Ref.4}. /FTId=VSP_017114.; VAR_SEQ 745 774 Missing (in isoform 4). {ECO:0000303|PubMed:15489334}. /FTId=VSP_017115.	O43196-4,O43196-1	O43196-1 -> O43196-1,O43196-4 -> O43196-4
Q6ICB4	259	reviewed			Q6ICB4	
Q6ICB0	168	reviewed			Q6ICB0	
Q9HA38	289	reviewed	ALTERNATIVE PRODUCTS:  Event=Alternative splicing; Named isoforms=2;  Name=1; IsoId=Q9HA38-1; Sequence=Displayed; Name=2; IsoId=Q9HA38-2; Sequence=VSP_040093; 	VAR_SEQ 220 220 Missing (in isoform 2). {ECO:0000303|PubMed:11571644, ECO:0000303|PubMed:11689294, ECO:0000303|PubMed:14702039}. /FTId=VSP_040093.	Q9HA38-1,Q9HA38-2	Q9HA38-2 -> Q9HA38-2,Q9HA38-1 -> Q9HA38-1
O60721	1099	reviewed	ALTERNATIVE PRODUCTS:  Event=Alternative splicing; Named isoforms=3;  Name=1; IsoId=O60721-1; Sequence=Displayed; Name=2; IsoId=O60721-2; Sequence=VSP_006160; Note=No experimental confirmation available.; Name=3; IsoId=O60721-3; Sequence=VSP_054491; Note=No experimental confirmation available.; 	VAR_SEQ 631 648 Missing (in isoform 2). {ECO:0000303|PubMed:9478004, ECO:0000303|PubMed:9734811}. /FTId=VSP_006160.; VAR_SEQ 932 961 Missing (in isoform 3). {ECO:0000303|PubMed:15489334}. /FTId=VSP_054491.	O60721	
Q5JTN6	314	reviewed			Q5JTN6	
P35070	178	reviewed			P35070	
Q9Y6C9	303	Q9Y6C9				
Q07444	240	Q07444-1,Q07444-2	Q07444-1 -> Q07444-1,Q07444-2 -> Q07444-2			
Q8TE77	659	Q8TE77-3,Q8TE77-1	Q8TE77-1 -> Q8TE77-1,Q8TE77-3 -> Q8TE77-3			
Q5MIZ7	849	Q5MIZ7				
Q9UBU7	674	Q9UBU7-1	Q9UBU7-1 -> Q9UBU7-1			
Q13228	472	Q13228-1,Q13228-3,Q13228-4	Q13228-4 -> Q13228-4,Q13228-3 -> Q13228-3,Q13228-1 -> Q13228-1			
P23919	212	P23919				
Q8NHX4	192	Q8NHX4				
Q8NHX9	752	Q8NHX9				
Q9BZW8	370	Q9BZW8-1,Q9BZW8-4	Q9BZW8-4 -> Q9BZW8-4,Q9BZW8-1 -> Q9BZW8-1			
Q9NXR8	418	Q9NXR8				
Q16538	588	Q16538-2,Q16538-1	Q16538-2 -> Q16538-2,Q16538-1 -> Q16538-1			
Q9C0H2	523	Q9C0H2				
Q9C0H5	1083	Q9C0H5				
Q9C0H9	1183	Q9C0H9				
Q9NXR1	335	Q9NXR1				
Q07960	439	Q07960				
Q9NXR5	420	Q9NXR5				
Q9NXR7	383	Q9NXR7				
Q70HW3	274	Q70HW3-1,Q70HW3-2	Q70HW3-2 -> Q70HW3-2,Q70HW3-1 -> Q70HW3-1			
O75019	489	O75019-1,O75019-2	O75019-1 -> O75019-1,O75019-2 -> O75019-2			
Q5H9L2	206	Q5H9L2				
Q96AT9	228	Q96AT9-3,Q96AT9-5,Q96AT9-4	Q96AT9-5 -> Q96AT9-5,Q96AT9-4 -> Q96AT9-4,Q96AT9-3 -> Q96AT9-3			
P04280	392	P04280				
P40424	430	P40424				
P40425	430	P40425				
P40426	434	P40426				
P40429	203	P40429				
Q9H2I8	198	Q9H2I8				
P08842	583	P08842				
Q5VUR7	823	Q5VUR7				
Q9UNA4	740	Q9UNA4				
O14519	115	O14519-1,O14519-2	O14519-1 -> O14519-1,O14519-2 -> O14519-2			
P02760	352	P02760				
P02763	201	P02763				
P02765	367	P02765				
P02766	147	P02766				
P49771	235	P49771-3,P49771-1	P49771-3 -> P49771-3,P49771-1 -> P49771-1			
Q5VV52	315	Q5VV52-2,Q5VV52-3	Q5VV52-2 -> Q5VV52-2,Q5VV52-3 -> Q5VV52-3			
P35251	1148	P35251-2,P35251-1	P35251-1 -> P35251-1,P35251-2 -> P35251-2			
P41134	155	P41134-1,P41134-2	P41134-1 -> P41134-1,P41134-2 -> P41134-2			
P39023	403	P39023				
H0YL14	139	H0YL14				
Q8N7S6	290	Q8N7S6				
Q9P219	2028	Q9P219				
Q9P218	1284	Q9P218				
Q9P215	609	Q9P215				
Q9P217	1185	Q9P217				
P56378	58	P56378-2,P56378-1	P56378-1 -> P56378-1,P56378-2 -> P56378-2			
Q9H3M9	355	Q9H3M9				
Q9H3M7	391	Q9H3M7				
Q9H3M0	494	Q9H3M0				
Q5VVP1	1343	Q5VVP1				
P46063	649	P46063				
Q9BZG2	426	Q9BZG2				
Q9BZG8	443	Q9BZG8				
P01236	227	P01236				
Q9NT22	766	Q9NT22-1	Q9NT22-1 -> Q9NT22-1			
A0FGR9	886	A0FGR9-1	A0FGR9-1 -> A0FGR9-1			
Q8N865	590	Q8N865				
A6NCC3	632	A6NCC3				
P21145	153	P21145-4	P21145-4 -> P21145-4			
Q5VZT2	155	Q5VZT2-1	Q5VZT2-1 -> Q5VZT2-1			
Q96FL8	570	Q96FL8-1,Q96FL8-3	Q96FL8-1 -> Q96FL8-1,Q96FL8-3 -> Q96FL8-3			
P09001	348	P09001				
P53708	1063	P53708				
P04035	888	P04035				
Q6NX45	483	Q6NX45				
Q9Y4P9	236	Q9Y4P9-1	Q9Y4P9-1 -> Q9Y4P9-1			
P60981	165	P60981-2	P60981-2 -> P60981-2			
Q14568	343	Q14568				
Q9H967	626	Q9H967				
Q14563	771	Q14563				
Q14562	1220	Q14562				
Q14566	821	Q14566				
Q96JD6	320	Q96JD6-5,Q96JD6-3,Q96JD6-2,Q96JD6-1	Q96JD6-1 -> Q96JD6-1,Q96JD6-2 -> Q96JD6-2,Q96JD6-5 -> Q96JD6-5,Q96JD6-3 -> Q96JD6-3			
Q9NRH3	451	Q9NRH3				
A6NIR3	686	A6NIR3				
Q86VP1	789	Q86VP1				
O43395	683	O43395				
Q96CU9	486	Q96CU9-3	Q96CU9-3 -> Q96CU9-3			
Q86VY4	417	Q86VY4				
Q92526	530	Q92526				
Q92521	554	Q92521				
Q92520	227	Q92520				
Q92523	772	Q92523				
Q9Y6Q5	423	Q9Y6Q5-1	Q9Y6Q5-1 -> Q9Y6Q5-1			
Q92597	394	Q92597				
Q92529	594	Q92529				
Q9BZW8	370	Q9BZW8-2	Q9BZW8-2 -> Q9BZW8-2			
Q86VY9	491	Q86VY9				
Q9Y5S9	174	Q9Y5S9				
Q9NU63	452	Q9NU63-3	Q9NU63-3 -> Q9NU63-3			
Q9UPN4	1083	Q9UPN4-1,Q9UPN4-2,Q9UPN4-3	Q9UPN4-1 -> Q9UPN4-1,Q9UPN4-3 -> Q9UPN4-3,Q9UPN4-2 -> Q9UPN4-2			
Q02878	288	Q02878				
Q96EN9	201	Q96EN9-1,Q96EN9-3	Q96EN9-3 -> Q96EN9-3,Q96EN9-1 -> Q96EN9-1			
A0AVF1	554	A0AVF1-2,A0AVF1-1	A0AVF1-2 -> A0AVF1-2,A0AVF1-1 -> A0AVF1-1			
Q96HA4	380	Q96HA4				
Q96HA7	1378	Q96HA7				
Q13733	1029	Q13733-2	Q13733-2 -> Q13733-2			
Q96HA1	1249	Q96HA1				
P19544	449	P19544-9,P19544-6,P19544-7	P19544-6 -> P19544-6,P19544-7 -> P19544-7,P19544-9 -> P19544-9			
Q96HA8	205	Q96HA8				
Q8N443	379	Q8N443-1,Q8N443-3,Q8N443-2	Q8N443-3 -> Q8N443-3,Q8N443-2 -> Q8N443-2,Q8N443-1 -> Q8N443-1			
P29375	1690	P29375-1	P29375-1 -> P29375-1			
P23497	879	P23497-6	P23497-6 -> P23497-6			
P61244	160	P61244-3	P61244-3 -> P61244-3			
O94967	919	O94967-4,O94967-3,O94967-2,O94967-1	O94967-1 -> O94967-1,O94967-2 -> O94967-2,O94967-3 -> O94967-3,O94967-4 -> O94967-4			
P19075	237	P19075				
Q6ZQX7	453	Q6ZQX7-4	Q6ZQX7-4 -> Q6ZQX7-4			
Q00537	523	Q00537				
Q99504	573	Q99504-3,Q99504-1,Q99504-5,Q99504-4	Q99504-1 -> Q99504-1,Q99504-3 -> Q99504-3,Q99504-4 -> Q99504-4,Q99504-5 -> Q99504-5			
Q15762	336	Q15762				
Q15760	415	Q15760				
Q15761	445	Q15761				
Q9H1K0	784	Q9H1K0-1	Q9H1K0-1 -> Q9H1K0-1			
Q6UW02	462	Q6UW02				
Q6UW01	205	Q6UW01				
P30405	207	P30405-1	P30405-1 -> P30405-1			
Q15768	340	Q15768				
Q2T9J0	566	Q2T9J0-2	Q2T9J0-2 -> Q2T9J0-2			
Q9H553	416	Q9H553-1	Q9H553-1 -> Q9H553-1			
O95528	541	O95528				
Q8WUF8	416	Q8WUF8				
Q96BT1	292	Q96BT1				
Q8WUF5	828	Q8WUF5				
Q96BT3	561	Q96BT3				
O95522	483	O95522				
O95521	474	O95521				
Q02297	640	Q02297				
Q99519	415	Q99519				
Q99518	535	Q99518				
Q96RU7	358	Q96RU7				
Q96J65	1359	Q96J65				
Q96RU3	617	Q96RU3				
Q96RU2	1077	Q96RU2				
Q495Z4	193	Q495Z4				
Q4VC39	106	Q4VC39				
Q8N1B3	248	Q8N1B3-1	Q8N1B3-1 -> Q8N1B3-1			
Q14CB8	494	Q14CB8-1,Q14CB8-3,Q14CB8-6	Q14CB8-3 -> Q14CB8-3,Q14CB8-1 -> Q14CB8-1,Q14CB8-6 -> Q14CB8-6			
Q96RU8	372	Q96RU8				
Q6NUT3	480	Q6NUT3-2	Q6NUT3-2 -> Q6NUT3-2			
Q5GAN6	216	Q5GAN6-1,Q5GAN6-2	Q5GAN6-2 -> Q5GAN6-2,Q5GAN6-1 -> Q5GAN6-1			
Q13454	348	Q13454-2,Q13454-1	Q13454-2 -> Q13454-2,Q13454-1 -> Q13454-1			
P34820	402	P34820-1	P34820-1 -> P34820-1			
P17030	456	P17030-1	P17030-1 -> P17030-1			
Q9Y5A7	615	Q9Y5A7				
Q7Z2W4	902	Q7Z2W4-2,Q7Z2W4-1	Q7Z2W4-2 -> Q7Z2W4-2,Q7Z2W4-1 -> Q7Z2W4-1			
P20396	242	P20396				
Q13643	280	Q13643				
Q13642	323	Q13642				
Q13641	420	Q13641				
Q9Y5A9	579	Q9Y5A9				
Q96AT9	228	Q96AT9-1	Q96AT9-1 -> Q96AT9-1			
Q02127	395	Q02127				
Q69YH5	1023	Q69YH5-1	Q69YH5-1 -> Q69YH5-1			
Q86WT6	500	Q86WT6-4	Q86WT6-4 -> Q86WT6-4			
A0PJE2	317	A0PJE2-3,A0PJE2-2,A0PJE2-1	A0PJE2-3 -> A0PJE2-3,A0PJE2-1 -> A0PJE2-1,A0PJE2-2 -> A0PJE2-2			
A6NH00	312	A6NH00				
Q96CN9	775	Q96CN9				
Q9NZM1	2061	Q9NZM1-7,Q9NZM1-6,Q9NZM1-4,Q9NZM1-1	Q9NZM1-6 -> Q9NZM1-6,Q9NZM1-7 -> Q9NZM1-7,Q9NZM1-1 -> Q9NZM1-1,Q9NZM1-4 -> Q9NZM1-4			
Q6ZRV2	1179	Q6ZRV2				
Q96CN7	298	Q96CN7				
Q7Z3T1	314	Q7Z3T1				
Q96CN5	670	Q96CN5				
Q96CN4	794	Q96CN4				
P40198	252	P40198-1,P40198-3	P40198-3 -> P40198-3,P40198-1 -> P40198-1			
P10645	457	P10645				
P10644	381	P10644				
P48556	350	P48556				
P10909	449	P10909-1	P10909-1 -> P10909-1			
P48551	515	P48551				
P10643	843	P10643				
Q16630	551	Q16630-1	Q16630-1 -> Q16630-1			
A6NFD8	242	A6NFD8-3	A6NFD8-3 -> A6NFD8-3			
Q5T6X4	162	Q5T6X4				
Q14CS0	331	Q14CS0				
P36575	388	P36575-2,P36575-1	P36575-1 -> P36575-1,P36575-2 -> P36575-2			
A8MZ59	168	A8MZ59				
Q9P2D6	1515	Q9P2D6-1,Q9P2D6-3,Q9P2D6-2	Q9P2D6-3 -> Q9P2D6-3,Q9P2D6-1 -> Q9P2D6-1,Q9P2D6-2 -> Q9P2D6-2			
P16520	340	P16520				
Q8NCJ5	442	Q8NCJ5				
Q9NVQ4	179	Q9NVQ4-2,Q9NVQ4-3	Q9NVQ4-3 -> Q9NVQ4-3,Q9NVQ4-2 -> Q9NVQ4-2			
Q9Y294	204	Q9Y294				
Q9Y295	367	Q9Y295				
Q9BR09	285	Q9BR09				
Q9H2Y9	848	Q9H2Y9-1,Q9H2Y9-3	Q9H2Y9-3 -> Q9H2Y9-3,Q9H2Y9-1 -> Q9H2Y9-1			
O43196	834	O43196-4,O43196-1	O43196-1 -> O43196-1,O43196-4 -> O43196-4			
Q6ICB4	259	Q6ICB4				
Q6ICB0	168	Q6ICB0				
Q9HA38	289	Q9HA38-1,Q9HA38-2	Q9HA38-2 -> Q9HA38-2,Q9HA38-1 -> Q9HA38-1			
O60721	1099	O60721				
Q5JTN6	314	Q5JTN6				
P35070	178	P35070				
